3 0 0 1 5 9 , 新 研 股 份
0 0 2 1 7 9 , 中 航 光 电
0 0 0 9 3 7 , 冀 中 能 源
0 0 2 1 7 7 , 御 银 股 份
6 0 0 5 4 3 , 莫 高 股 份
6 0 0 0 7 8 , 澄 星 股 份
0 0 0 0 0 3 , P T 金 田 A
0 0 2 7 3 7 , 葵 花 药 业
3 0 0 4 5 9 , 浙 江 金 科
6 0 0 3 9 7 , 安 源 煤 业
6 0 0 4 7 6 , 湘 邮 科 技
6 0 1 6 3 3 , 长 城 汽 车
6 0 0 6 1 7 , 国 新 能 源
6 0 0 1 6 9 , 太 原 重 工
6 0 0 7 5 1 , 天 津 海 运
2 0 0 5 5 0 , 江 铃 B
6 0 0 1 7 2 , 黄 河 旋 风
3 0 0 0 0 7 , 汉 威 电 子
6 0 0 5 9 8 , 北 大 荒
3 0 0 0 0 3 , 乐 普 医 疗
3 0 0 0 6 9 , 金 利 华 电
0 0 2 4 7 3 , 圣 莱 达
0 0 2 6 4 1 , 永 高 股 份
6 0 0 8 5 7 , 宁 波 中 百
3 0 0 2 6 3 , 隆 华 节 能
3 0 0 4 8 2 , 万 孚 生 物
6 0 0 6 3 2 , 华 联 商 厦
0 0 2 0 4 7 , 宝 鹰 股 份
0 0 2 3 3 1 , 皖 通 科 技
0 0 2 0 3 5 , 华 帝 股 份
0 0 0 9 0 9 , 数 源 科 技
0 0 0 0 0 2 , 万 科 A
6 0 0 0 5 7 , 象 屿 股 份
0 0 2 6 5 5 , 共 达 电 声
6 0 0 2 3 2 , 金 鹰 股 份
3 0 0 1 0 7 , 建 新 股 份
0 0 0 4 1 5 , 渤 海 租 赁
0 0 0 5 7 2 , 海 马 汽 车
6 0 0 7 3 7 , 中 粮 屯 河
0 0 0 7 1 2 , 锦 龙 股 份
6 0 0 0 0 4 , 白 云 机 场
3 0 0 2 2 6 , 上 海 钢 联
0 0 0 0 4 8 , 康 达 尔
0 0 0 9 2 2 , 佳 电 股 份
6 0 0 3 2 7 , 大 东 方
0 0 0 6 2 8 , 高 新 发 展
0 0 2 6 3 5 , 安 洁 科 技
3 0 0 0 3 9 , 上 海 凯 宝
6 0 0 0 1 9 , 宝 钢 股 份
2 0 0 0 3 7 , 深 南 电 B
6 0 1 1 6 6 , 兴 业 银 行
0 0 2 6 8 9 , 博 林 特
0 0 0 5 3 5 , * S T 猴 王
0 0 2 5 9 5 , 豪 迈 科 技
0 0 2 5 6 0 , 通 达 股 份
0 0 2 3 1 4 , 雅 致 股 份
0 0 2 3 8 4 , 东 山 精 密
0 0 2 1 4 6 , 荣 盛 发 展
3 0 0 2 5 0 , 初 灵 信 息
0 0 0 6 9 9 , S * S T 佳 纸
0 0 0 0 6 1 , 农 产 品
0 0 2 5 5 1 , 尚 荣 医 疗
0 0 2 3 6 6 , 丹 甫 股 份
6 0 0 7 9 8 , 宁 波 海 运
6 0 3 0 3 0 , 全 筑 股 份
0 0 0 5 2 7 , 美 的 电 器
0 0 0 5 9 9 , 青 岛 双 星
6 0 0 7 2 7 , 鲁 北 化 工
6 0 0 2 3 7 , 铜 峰 电 子
6 0 0 3 1 1 , 荣 华 实 业
3 0 0 0 3 0 , 阳 普 医 疗
3 0 0 3 7 4 , 恒 通 科 技
3 0 0 3 2 9 , 海 伦 钢 琴
3 0 0 2 4 3 , 瑞 丰 高 材
6 0 1 9 9 6 , 丰 林 集 团
6 0 0 5 6 2 , 国 睿 科 技
0 0 2 3 8 6 , 天 原 集 团
0 0 2 7 1 4 , 牧 原 股 份
0 0 0 8 9 2 , * S T 星 美
0 0 0 0 8 8 , 盐 田 港
6 0 3 6 8 6 , 龙 马 环 卫
6 0 0 1 7 3 , 卧 龙 地 产
0 0 0 8 6 2 , 银 星 能 源
3 0 0 1 1 8 , 东 方 日 升
3 0 0 2 6 6 , 兴 源 环 境
3 0 0 4 7 3 , 德 尔 股 份
0 0 0 5 1 5 , 攀 渝 钛 业
6 0 0 8 0 0 , 天 津 磁 卡
3 0 0 4 0 5 , 科 隆 精 化
0 0 2 5 8 2 , 好 想 你
0 0 0 0 7 8 , 海 王 生 物
3 0 0 0 1 4 , 亿 纬 锂 能
6 0 3 6 9 6 , 安 记 食 品
3 0 0 1 8 3 , 东 软 载 波
6 0 0 1 6 2 , 香 江 控 股
3 0 0 4 2 9 , 强 力 新 材
6 0 0 5 4 7 , 山 东 黄 金
6 0 0 7 9 6 , 钱 江 生 化
3 0 0 2 1 2 , 易 华 录
6 0 3 0 2 3 , 威 帝 股 份
0 0 0 9 9 1 , 通 海 高 科
6 0 0 3 8 9 , 江 山 股 份
0 0 2 3 1 6 , 键 桥 通 讯
6 0 0 8 5 5 , 航 天 长 峰
6 0 0 4 3 6 , 片 仔 癀
0 0 2 1 2 3 , 荣 信 股 份
6 0 0 4 8 5 , 信 威 集 团
6 0 0 6 4 5 , 中 源 协 和
0 0 2 1 6 8 , 深 圳 惠 程
6 0 3 0 7 7 , 和 邦 股 份
6 0 0 0 6 3 , 皖 维 高 新
0 0 2 7 5 0 , 龙 津 药 业
6 0 0 1 6 0 , 巨 化 股 份
3 0 0 3 2 3 , 华 灿 光 电
6 0 0 7 0 2 , 沱 牌 舍 得
0 0 2 6 1 7 , 露 笑 科 技
3 0 0 2 7 3 , 和 佳 股 份
0 0 2 2 1 5 , 诺 普 信
6 0 0 8 7 9 , 航 天 电 子
3 0 0 3 6 7 , 东 方 网 力
6 0 0 5 7 1 , 信 雅 达
6 0 0 1 5 7 , 永 泰 能 源
6 0 0 1 2 8 , 弘 业 股 份
6 0 1 5 8 8 , 北 辰 实 业
3 0 0 4 5 8 , 全 志 科 技
0 0 2 5 2 5 , 胜 景 山 河
6 0 0 6 6 5 , 天 地 源
6 0 1 0 0 7 , 金 陵 饭 店
6 0 0 1 9 0 , 锦 州 港
0 0 2 2 6 8 , 卫 士 通
0 0 0 0 4 2 , 中 洲 控 股
0 0 2 3 3 8 , 奥 普 光 电
6 0 0 2 8 1 , 太 化 股 份
0 0 2 2 3 2 , 启 明 信 息
0 0 2 7 0 3 , 浙 江 世 宝
6 0 0 7 8 1 , 辅 仁 药 业
6 0 0 9 6 9 , 郴 电 国 际
6 0 0 8 8 9 , 南 京 化 纤
0 0 0 5 7 0 , 苏 常 柴 A
6 0 0 2 7 8 , 东 方 创 业
0 0 2 0 2 9 , 七 匹 狼
0 0 0 6 5 5 , 金 岭 矿 业
6 0 0 8 4 1 , 上 柴 股 份
0 0 2 0 2 2 , 科 华 生 物
0 0 0 9 8 8 , 华 工 科 技
6 0 0 4 4 6 , 金 证 股 份
6 0 0 7 8 8 , * S T 达 曼
0 0 0 6 1 3 , 大 东 海 A
0 0 0 5 6 8 , 泸 州 老 窖
0 0 0 8 3 6 , 鑫 茂 科 技
0 0 2 3 1 7 , 众 生 药 业
3 0 0 3 0 5 , 裕 兴 股 份
6 0 0 6 3 7 , 东 方 明 珠
0 0 0 0 3 4 , 深 信 泰 丰
0 0 2 6 7 9 , 福 建 金 森
0 0 0 8 1 3 , 天 山 纺 织
0 0 0 0 0 5 , 世 纪 星 源
6 0 0 6 5 2 , 游 久 游 戏
0 0 2 6 5 8 , 雪 迪 龙
0 0 0 5 3 4 , 万 泽 股 份
6 0 3 0 2 2 , 新 通 联
0 0 2 7 2 7 , 一 心 堂
6 0 0 7 6 7 , 运 盛 医 疗
0 0 0 8 0 7 , 云 铝 股 份
0 0 2 0 6 0 , 粤 水 电
0 0 0 9 5 3 , 河 池 化 工
6 0 3 6 1 1 , 诺 力 股 份
0 0 0 1 5 5 , * S T 川 化
0 0 2 4 6 0 , 赣 锋 锂 业
6 0 0 0 1 1 , 华 能 国 际
0 0 2 4 2 0 , 毅 昌 股 份
6 0 0 1 5 1 , 航 天 机 电
0 0 2 3 4 1 , 新 纶 科 技
6 0 0 3 7 1 , 万 向 德 农
3 0 0 3 3 4 , 津 膜 科 技
3 0 0 0 9 9 , 尤 洛 卡
3 0 0 4 4 1 , 鲍 斯 股 份
0 0 0 8 3 9 , 中 信 国 安
0 0 2 2 0 3 , 海 亮 股 份
6 0 0 2 3 4 , 山 水 文 化
6 0 0 6 6 7 , 太 极 实 业
6 0 0 0 0 1 , 邯 郸 钢 铁
0 0 2 2 4 5 , 澳 洋 顺 昌
0 0 0 7 3 8 , 中 航 动 控
2 0 0 6 1 3 , 大 东 海 B
0 0 2 3 1 5 , 焦 点 科 技
0 0 2 6 7 0 , 华 声 股 份
3 0 0 3 3 5 , 迪 森 股 份
0 0 2 2 7 6 , 万 马 股 份
3 0 0 4 6 5 , 高 伟 达
0 0 0 0 2 4 , 招 商 地 产
6 0 0 2 7 2 , 开 开 实 业
6 0 0 2 3 8 , 海 南 椰 岛
0 0 2 4 8 2 , 广 田 股 份
3 0 0 4 7 6 , 胜 宏 科 技
0 0 2 4 5 7 , 青 龙 管 业
6 0 0 0 5 2 , 浙 江 广 厦
6 0 3 6 6 9 , 灵 康 药 业
0 0 2 5 9 8 , 山 东 章 鼓
6 0 1 9 2 9 , 吉 视 传 媒
3 0 0 2 8 9 , 利 德 曼
6 0 0 7 4 8 , 上 实 发 展
0 0 0 7 5 5 , 山 西 三 维
0 0 2 5 1 0 , 天 汽 模
0 0 0 7 3 1 , 四 川 美 丰
6 0 0 3 3 3 , 长 春 燃 气
0 0 2 2 6 9 , 美 邦 服 饰
0 0 2 3 2 8 , 新 朋 股 份
6 0 0 7 8 6 , 东 方 锅 炉
0 0 2 0 6 6 , 瑞 泰 科 技
0 0 0 5 8 2 , 北 部 湾 港
6 0 3 6 8 8 , 石 英 股 份
0 0 0 5 5 9 , 万 向 钱 潮
0 0 2 2 3 0 , 科 大 讯 飞
3 0 0 0 2 7 , 华 谊 兄 弟
0 0 2 3 7 2 , 伟 星 新 材
0 0 0 0 6 8 , * S T 华 赛
0 0 2 1 6 9 , 智 光 电 气
3 0 0 1 2 6 , 锐 奇 股 份
0 0 2 0 9 6 , 南 岭 民 爆
6 0 0 1 3 5 , 乐 凯 胶 片
3 0 0 4 5 0 , 先 导 股 份
0 0 0 8 7 8 , 云 南 铜 业
0 0 0 4 0 0 , 许 继 电 气
0 0 0 6 7 5 , S T 银 山
0 0 2 4 9 1 , 通 鼎 互 联
6 0 0 3 1 9 , 亚 星 化 学
6 0 3 9 9 8 , 方 盛 制 药
0 0 0 5 5 7 , * S T 广 夏
0 0 0 5 7 1 , 新 大 洲 A
3 0 0 0 6 7 , 安 诺 其
0 0 2 2 3 9 , 金 飞 达
3 0 0 2 8 4 , 苏 交 科
6 0 0 8 4 0 , 新 湖 创 业
6 0 3 9 9 7 , 继 峰 股 份
6 0 0 7 6 4 , 中 电 广 通
0 0 0 8 0 9 , 铁 岭 新 城
0 0 2 3 2 0 , 海 峡 股 份
0 0 2 2 7 2 , 川 润 股 份
0 0 0 6 0 9 , 绵 世 股 份
6 0 0 0 9 6 , 云 天 化
0 0 2 0 6 1 , 江 山 化 工
0 0 0 0 1 1 , 深 物 业 A
0 0 2 1 8 3 , 怡 亚 通
6 0 0 6 4 7 , 同 达 创 业
6 0 0 8 4 2 , 中 西 药 业
0 0 2 4 8 0 , 新 筑 股 份
0 0 0 5 4 0 , 中 天 城 投
0 0 2 6 0 3 , 以 岭 药 业
0 0 2 3 6 5 , 永 安 药 业
3 0 0 4 3 4 , 金 石 东 方
3 0 0 3 1 6 , 晶 盛 机 电
6 0 1 6 8 8 , 华 泰 证 券
0 0 0 5 2 4 , 东 方 宾 馆
0 0 2 2 9 2 , 奥 飞 动 漫
6 0 0 2 9 1 , 西 水 股 份
6 0 0 9 9 2 , 贵 绳 股 份
6 0 0 6 7 6 , 交 运 股 份
0 0 0 8 8 2 , 华 联 股 份
0 0 2 7 5 6 , 永 兴 特 钢
6 0 0 7 8 7 , 中 储 股 份
6 0 0 7 1 8 , 东 软 集 团
0 0 2 0 9 1 , 江 苏 国 泰
3 0 0 2 4 6 , 宝 莱 特
0 0 2 7 1 1 , 欧 浦 钢 网
0 0 2 5 2 4 , 光 正 集 团
0 0 2 6 5 3 , 海 思 科
6 0 3 9 6 8 , 醋 化 股 份
0 0 0 8 2 8 , 东 莞 控 股
6 0 0 8 7 4 , 创 业 环 保
6 0 0 5 2 5 , 长 园 集 团
6 0 0 3 2 5 , 华 发 股 份
0 0 0 8 3 8 , 国 兴 地 产
3 0 0 4 2 4 , 航 新 科 技
0 0 2 3 3 0 , 得 利 斯
0 3 1 0 0 5 , 国 安 G A C 1
3 0 0 1 1 0 , 华 仁 药 业
0 0 2 2 0 5 , 国 统 股 份
3 0 0 2 1 4 , 日 科 化 学
6 0 0 6 0 0 , 青 岛 啤 酒
6 0 0 6 8 1 , 万 鸿 集 团
0 0 2 3 5 5 , 兴 民 钢 圈
6 0 3 2 2 7 , 雪 峰 科 技
0 0 0 6 2 1 , * S T 比 特
0 0 0 0 3 9 , 中 集 集 团
0 0 2 0 6 7 , 景 兴 纸 业
6 0 1 1 3 9 , 深 圳 燃 气
6 0 0 9 6 3 , 岳 阳 林 纸
0 0 0 0 4 3 , 中 航 地 产
6 0 0 1 0 5 , 永 鼎 股 份
6 0 0 7 8 5 , 新 华 百 货
0 0 0 6 1 2 , 焦 作 万 方
3 0 0 3 3 9 , 润 和 软 件
6 0 0 9 5 8 , 东 方 证 券
0 0 2 7 0 6 , 良 信 电 器
6 0 0 2 9 0 , 华 仪 电 气
0 0 2 0 0 8 , 大 族 激 光
0 0 0 3 3 3 , 美 的 集 团
0 0 2 4 4 3 , 金 洲 管 道
0 0 0 7 6 7 , 漳 泽 电 力
3 0 0 4 8 6 , 东 杰 智 能
3 0 0 3 8 5 , 雪 浪 环 境
6 0 0 7 7 5 , 南 京 熊 猫
6 0 0 6 2 3 , 双 钱 股 份
0 0 0 6 3 6 , 风 华 高 科
6 0 0 5 2 3 , 贵 航 股 份
6 0 1 8 7 7 , 正 泰 电 器
0 0 2 2 4 2 , 九 阳 股 份
6 0 0 2 7 7 , 亿 利 能 源
6 0 1 0 0 1 , 大 同 煤 业
2 0 0 0 1 1 , 深 物 业 B
6 0 0 4 8 9 , 中 金 黄 金
2 0 0 0 4 5 , 深 纺 织 B
3 0 0 4 1 1 , 金 盾 股 份
0 0 2 2 1 7 , 合 力 泰
0 0 2 5 9 9 , 盛 通 股 份
6 0 0 0 1 2 , 皖 通 高 速
0 0 0 0 9 0 , 天 健 集 团
6 0 0 2 5 2 , X D 中 恒 集
0 0 2 1 1 0 , 三 钢 闽 光
3 0 0 3 0 0 , 汉 鼎 股 份
6 0 0 7 5 7 , 长 江 传 媒
6 0 0 5 8 6 , 金 晶 科 技
6 0 0 0 9 2 , S * S T 精 密
0 0 0 6 9 7 , 炼 石 有 色
0 0 0 7 0 7 , 双 环 科 技
3 0 0 3 7 3 , 扬 杰 科 技
0 0 0 6 0 8 , 阳 光 股 份
6 0 3 3 6 9 , 今 世 缘
6 0 0 5 8 0 , 卧 龙 电 气
0 0 2 4 5 3 , 天 马 精 化
0 0 2 3 8 1 , 双 箭 股 份
0 0 0 7 0 1 , 厦 门 信 达
6 0 0 0 1 5 , 华 夏 银 行
6 0 0 1 7 9 , 黑 化 股 份
6 0 0 9 6 0 , 渤 海 活 塞
6 0 3 7 7 8 , 乾 景 园 林
6 0 1 6 3 6 , 旗 滨 集 团
6 0 0 3 9 1 , 成 发 科 技
6 0 0 6 6 2 , 强 生 控 股
0 0 0 8 3 0 , 鲁 西 化 工
0 0 2 6 1 5 , 哈 尔 斯
0 0 2 6 6 3 , 普 邦 园 林
0 0 0 8 2 5 , 太 钢 不 锈
0 0 2 6 4 8 , 卫 星 石 化
6 0 0 8 7 7 , 中 国 嘉 陵
3 0 0 4 7 1 , 厚 普 股 份
0 0 2 7 4 0 , 爱 迪 尔
6 0 0 9 1 7 , 重 庆 燃 气
0 0 2 5 1 3 , 蓝 丰 生 化
0 0 2 3 4 4 , 海 宁 皮 城
6 0 0 6 7 5 , 中 华 企 业
0 0 0 5 0 2 , 绿 景 控 股
6 0 0 0 2 2 , 山 东 钢 铁
0 0 2 0 5 5 , 得 润 电 子
6 0 0 2 4 1 , 时 代 万 恒
0 0 2 5 2 0 , 日 发 精 机
3 0 0 2 8 0 , 南 通 锻 压
6 0 0 1 2 0 , 浙 江 东 方
6 0 1 2 6 8 , * S T 二 重
0 0 2 0 5 1 , 中 工 国 际
3 0 0 2 3 7 , 美 晨 科 技
0 0 0 8 0 1 , 四 川 九 洲
0 0 2 5 0 0 , 山 西 证 券
0 0 2 0 0 1 , 新 和 成
3 0 0 0 7 8 , 中 瑞 思 创
6 0 0 3 3 7 , 美 克 家 居
0 0 2 6 9 8 , 博 实 股 份
3 0 0 2 7 5 , 梅 安 森
6 0 0 2 1 7 , * S T 秦 岭
0 0 2 1 1 3 , 天 润 控 股
6 0 0 8 2 2 , 上 海 物 贸
0 0 0 8 8 6 , 海 南 高 速
0 0 0 8 5 9 , 国 风 塑 业
0 0 0 7 3 9 , 普 洛 药 业
0 0 0 8 3 2 , * S T 龙 涤
0 0 0 8 4 8 , 承 德 露 露
6 0 0 8 3 4 , 申 通 地 铁
0 0 2 7 5 7 , 南 兴 装 备
0 0 2 0 0 6 , 精 功 科 技
6 0 0 6 5 4 , 中 安 消
3 0 0 1 7 6 , 鸿 特 精 密
0 0 2 3 4 6 , 柘 中 股 份
3 0 0 2 3 0 , 永 利 带 业
6 0 0 4 3 2 , 吉 恩 镍 业
2 0 0 1 6 8 , 雷 伊 B
0 0 0 6 6 1 , 长 春 高 新
3 0 0 2 9 0 , 荣 科 科 技
0 0 0 3 3 8 , 潍 柴 动 力
6 0 0 6 6 0 , 福 耀 玻 璃
0 0 2 3 6 9 , 卓 翼 科 技
6 0 0 4 2 1 , 仰 帆 控 股
6 0 0 6 1 1 , 大 众 交 通
2 0 0 0 2 8 , 一 致 B
6 0 0 4 8 1 , 双 良 节 能
6 0 0 7 4 5 , 中 茵 股 份
6 0 0 6 6 9 , * S T 鞍 成
0 0 2 3 2 5 , 洪 涛 股 份
3 0 0 0 0 6 , 莱 美 药 业
6 0 0 2 2 9 , 青 岛 碱 业
6 0 0 6 0 1 , 方 正 科 技
0 0 2 1 9 4 , 武 汉 凡 谷
6 0 3 1 9 9 , 九 华 旅 游
6 0 0 5 5 8 , 大 西 洋
0 0 2 3 9 8 , 建 研 集 团
6 0 0 4 4 9 , 宁 夏 建 材
0 0 0 9 8 2 , 中 银 绒 业
6 0 0 0 5 9 , 古 越 龙 山
0 0 0 9 8 0 , 金 马 股 份
6 0 1 9 1 8 , 国 投 新 集
3 0 0 3 1 8 , 博 晖 创 新
6 0 0 1 8 3 , 生 益 科 技
6 0 0 0 7 0 , 浙 江 富 润
6 0 0 6 3 6 , 三 爱 富
3 0 0 0 7 9 , 数 码 视 讯
0 0 2 0 9 2 , 中 泰 化 学
0 0 2 2 1 8 , 拓 日 新 能
3 0 0 4 4 2 , 普 丽 盛
6 0 0 3 9 8 , 海 澜 之 家
6 0 0 8 5 9 , 王 府 井
6 0 1 2 1 6 , 内 蒙 君 正
6 0 1 1 1 6 , 三 江 购 物
0 0 2 7 2 6 , 龙 大 肉 食
0 0 2 2 7 5 , 桂 林 三 金
6 0 0 4 7 0 , 六 国 化 工
0 0 2 3 1 1 , 海 大 集 团
0 0 2 3 9 3 , 力 生 制 药
6 0 0 8 7 0 , * S T 厦 华
0 0 2 0 7 9 , 苏 州 固 锝
3 0 0 2 9 8 , 三 诺 生 物
6 0 0 7 0 0 , * S T 数 码
6 0 0 9 7 5 , 新 五 丰
6 0 0 4 1 8 , 江 淮 汽 车
6 0 0 5 5 3 , 太 行 水 泥
0 0 0 7 8 9 , 万 年 青
6 0 0 2 8 8 , 大 恒 科 技
0 0 2 5 7 1 , 德 力 股 份
3 0 0 4 4 8 , 浩 云 科 技
0 0 2 7 2 5 , 跃 岭 股 份
0 0 0 5 4 2 , T C L 通 讯
0 0 2 0 3 1 , 巨 轮 股 份
6 0 1 7 8 9 , 宁 波 建 工
0 0 2 2 1 3 , 特 尔 佳
3 0 0 3 5 7 , 我 武 生 物
6 0 0 5 9 5 , 中 孚 实 业
0 0 2 5 7 8 , 闽 发 铝 业
6 0 1 0 1 5 , 陕 西 黑 猫
6 0 0 5 0 2 , 安 徽 水 利
0 0 2 4 3 3 , 太 安 堂
6 0 0 7 1 9 , 大 连 热 电
6 0 3 7 2 9 , 龙 韵 股 份
6 0 0 3 1 6 , 洪 都 航 空
0 0 2 5 8 5 , 双 星 新 材
0 0 2 6 8 5 , 华 东 重 机
3 0 0 0 5 2 , 中 青 宝
6 0 0 0 7 7 , 宋 都 股 份
0 0 0 7 2 3 , 美 锦 能 源
0 0 2 6 7 4 , 兴 业 科 技
6 0 0 7 2 2 , * S T 金 化
0 0 2 5 0 9 , 天 广 消 防
0 0 0 5 4 4 , 中 原 环 保
3 0 0 2 8 7 , 飞 利 信
6 0 0 7 9 0 , 轻 纺 城
3 0 0 4 7 8 , 杭 州 高 新
6 0 0 1 2 7 , 金 健 米 业
0 0 0 6 0 0 , 建 投 能 源
0 0 0 5 8 1 , 威 孚 高 科
0 0 0 7 1 9 , 大 地 传 媒
0 0 2 1 9 7 , 证 通 电 子
6 0 0 3 6 3 , 联 创 光 电
0 0 2 6 8 6 , 亿 利 达
0 0 0 6 6 7 , 美 好 集 团
6 0 3 9 6 9 , 银 龙 股 份
0 0 0 0 6 3 , 中 兴 通 讯
0 0 0 6 3 9 , 西 王 食 品
6 0 0 3 7 7 , 宁 沪 高 速
6 0 0 5 3 6 , 中 国 软 件
6 0 0 4 6 2 , 石 岘 纸 业
0 0 2 7 7 7 , 久 远 银 海
3 0 0 0 0 4 , 南 风 股 份
6 0 0 8 9 6 , 中 海 海 盛
2 0 0 0 3 9 , 中 集 B
6 0 0 3 8 8 , 龙 净 环 保
6 0 1 1 8 6 , 中 国 铁 建
6 0 0 4 2 0 , 现 代 制 药
3 0 0 0 7 0 , 碧 水 源
6 0 0 9 7 6 , 健 民 集 团
0 0 0 4 1 2 , S T 五 环
0 0 2 4 7 5 , 立 讯 精 密
6 0 0 2 1 2 , 江 泉 实 业
0 0 2 0 3 4 , 美 欣 达
6 0 1 0 9 9 , 太 平 洋
6 0 1 0 0 0 , 唐 山 港
3 0 0 4 6 3 , 迈 克 生 物
6 0 0 5 6 1 , 江 西 长 运
0 0 0 5 4 7 , 闽 福 发 A
0 0 2 7 6 1 , 多 喜 爱
0 3 8 0 1 1 , 攀 钢 A G P 1
3 0 0 1 4 7 , 香 雪 制 药
6 0 0 1 0 1 , X D 明 星 电
0 0 0 6 3 2 , 三 木 集 团
0 0 0 8 3 3 , 贵 糖 股 份
6 0 0 3 2 2 , 天 房 发 展
0 0 2 0 5 4 , 德 美 化 工
0 0 2 5 5 5 , 顺 荣 三 七
6 0 0 2 5 3 , 天 方 药 业
3 0 0 3 0 3 , 聚 飞 光 电
0 0 0 7 2 7 , 华 东 科 技
6 0 3 7 9 9 , 华 友 钴 业
3 0 0 3 0 7 , 慈 星 股 份
6 0 0 2 6 7 , 海 正 药 业
6 0 0 8 5 3 , 龙 建 股 份
0 0 0 6 0 3 , 盛 达 矿 业
6 0 0 7 8 2 , 新 钢 股 份
6 0 0 0 5 6 , 中 国 医 药
6 0 0 1 9 8 , 大 唐 电 信
0 0 0 9 6 1 , 中 南 建 设
6 0 1 6 1 6 , 广 电 电 气
6 0 0 7 2 6 , 华 电 能 源
0 0 0 0 3 5 , 中 国 天 楹
6 0 0 5 3 0 , 交 大 昂 立
6 0 3 5 8 9 , 口 子 窖
6 0 0 2 4 2 , * S T 中 昌
3 0 0 2 3 8 , 冠 昊 生 物
6 0 0 6 0 6 , 金 丰 投 资
0 0 0 9 7 7 , 浪 潮 信 息
0 0 0 6 6 3 , 永 安 林 业
6 0 0 5 2 0 , 中 发 科 技
0 0 2 3 5 3 , 杰 瑞 股 份
6 0 0 6 3 3 , 浙 报 传 媒
6 0 3 3 1 8 , 派 思 股 份
6 0 3 3 6 6 , 日 出 东 方
0 0 0 8 2 2 , 山 东 海 化
0 0 0 5 6 4 , 西 安 民 生
0 0 2 7 3 1 , 萃 华 珠 宝
6 0 0 4 7 8 , 科 力 远
0 0 0 6 8 2 , 东 方 电 子
2 0 0 4 8 8 , 晨 鸣 B
0 0 2 7 4 1 , 光 华 科 技
0 0 2 5 8 8 , 史 丹 利
0 0 0 9 0 5 , 厦 门 港 务
3 0 0 2 3 5 , 方 直 科 技
3 0 0 0 6 6 , 三 川 股 份
0 0 2 2 4 9 , 大 洋 电 机
6 0 0 1 3 1 , 岷 江 水 电
3 0 0 4 2 1 , 力 星 股 份
0 0 2 4 4 9 , 国 星 光 电
6 0 0 6 9 7 , 欧 亚 集 团
0 0 2 5 4 4 , 杰 赛 科 技
0 0 0 8 5 6 , 冀 东 装 备
6 0 0 9 9 3 , 马 应 龙
6 0 0 0 9 5 , 哈 高 科
6 0 0 2 8 6 , S * S T 国 瓷
0 0 0 4 0 6 , 石 油 大 明
3 0 0 3 3 7 , 银 邦 股 份
0 0 2 4 0 7 , 多 氟 多
0 0 1 6 9 6 , 宗 申 动 力
0 0 0 4 1 9 , 通 程 控 股
3 0 0 4 0 4 , 博 济 医 药
6 0 0 6 5 8 , 电 子 城
6 0 3 7 8 8 , 宁 波 高 发
0 0 2 1 3 5 , 东 南 网 架
3 0 0 4 0 1 , 花 园 生 物
6 0 0 5 0 0 , 中 化 国 际
3 0 0 3 4 8 , 长 亮 科 技
6 0 0 2 3 1 , 凌 钢 股 份
6 0 0 0 3 1 , 三 一 重 工
3 0 0 0 4 1 , 回 天 新 材
2 0 0 0 1 3 , * S T 石 化 B
3 0 0 0 5 9 , 东 方 财 富
3 0 0 0 5 8 , 蓝 色 光 标
0 0 0 8 8 0 , 潍 柴 重 机
6 0 0 6 8 8 , 上 海 石 化
6 0 3 1 2 3 , 翠 微 股 份
3 0 0 0 9 0 , 盛 运 环 保
0 0 2 1 3 9 , 拓 邦 股 份
6 0 0 4 9 3 , 凤 竹 纺 织
6 0 3 0 0 0 , 人 民 网
0 0 0 6 5 8 , S T 海 洋
6 0 0 1 8 5 , 格 力 地 产
6 0 0 5 1 1 , 国 药 股 份
0 0 2 4 2 3 , 中 原 特 钢
0 0 2 1 6 1 , 远 望 谷
0 0 2 1 9 3 , 山 东 如 意
3 0 0 3 8 3 , 光 环 新 网
0 0 2 5 6 9 , 步 森 股 份
6 0 0 8 9 8 , 三 联 商 社
0 0 0 1 5 9 , 国 际 实 业
6 0 0 4 5 6 , 宝 钛 股 份
0 0 2 6 0 7 , 亚 夏 汽 车
0 0 0 5 2 6 , 银 润 投 资
6 0 3 6 1 8 , 杭 电 股 份
6 0 0 1 4 6 , 大 元 股 份
0 0 2 7 6 0 , 凤 形 股 份
3 0 0 1 4 6 , 汤 臣 倍 健
3 0 0 2 1 3 , 佳 讯 飞 鸿
6 0 3 1 6 8 , 莎 普 爱 思
0 0 2 0 7 7 , 大 港 股 份
3 0 0 1 6 7 , 迪 威 视 讯
6 0 0 7 6 5 , X D 中 航 重
6 0 0 9 9 5 , 文 山 电 力
0 0 2 7 0 5 , 新 宝 股 份
0 0 2 4 0 3 , 爱 仕 达
6 0 0 8 2 9 , 人 民 同 泰
0 0 0 9 3 2 , 华 菱 钢 铁
0 0 0 0 0 9 , 中 国 宝 安
6 0 0 8 0 3 , 新 奥 股 份
3 0 0 3 5 6 , 光 一 科 技
6 0 0 3 9 2 , 盛 和 资 源
3 0 0 3 6 4 , 中 文 在 线
0 0 0 9 1 9 , 金 陵 药 业
0 0 2 6 5 7 , 中 科 金 财
0 0 2 4 0 0 , 省 广 股 份
0 0 2 1 8 9 , 利 达 光 电
3 0 0 2 3 3 , 金 城 医 药
3 0 0 1 1 2 , 万 讯 自 控
0 0 2 1 3 6 , 安 纳 达
3 0 0 2 2 4 , 正 海 磁 材
6 0 0 4 6 3 , 空 港 股 份
6 0 0 3 1 5 , 上 海 家 化
0 0 0 0 0 8 , 神 州 高 铁
6 0 0 6 0 4 , 市 北 高 新
6 0 0 1 1 5 , 东 方 航 空
0 0 0 6 3 5 , 英 力 特
6 0 0 1 6 7 , 联 美 控 股
6 0 0 1 8 1 , S * S T 云 大
0 0 2 2 5 4 , 泰 和 新 材
6 0 0 8 6 6 , 星 湖 科 技
6 0 3 6 1 6 , 韩 建 河 山
3 0 0 4 3 2 , 富 临 精 工
0 0 2 0 1 2 , 凯 恩 股 份
6 0 0 7 0 1 , 工 大 高 新
0 0 2 7 6 9 , 普 路 通
0 0 2 7 5 5 , 东 方 新 星
6 0 0 9 9 7 , 开 滦 股 份
0 0 2 6 7 1 , 龙 泉 股 份
3 0 0 2 9 2 , 吴 通 通 讯
6 0 0 0 0 9 , 上 海 机 场
0 0 0 8 8 1 , 大 连 国 际
0 0 0 8 0 3 , 金 宇 车 城
6 0 0 6 5 1 , 飞 乐 音 响
0 0 2 2 9 3 , 罗 莱 家 纺
6 0 0 3 3 0 , 天 通 股 份
3 0 0 4 8 1 , 濮 阳 惠 成
6 0 0 0 4 8 , 保 利 地 产
3 0 0 1 5 4 , 瑞 凌 股 份
0 0 2 7 2 0 , 宏 良 股 份
3 0 0 4 4 9 , 汉 邦 高 科
6 0 0 3 6 1 , 华 联 综 超
3 0 0 0 5 7 , 万 顺 股 份
0 0 2 0 6 8 , 黑 猫 股 份
6 0 0 5 9 3 , 大 连 圣 亚
3 0 0 4 1 2 , 迦 南 科 技
6 0 0 8 4 7 , 万 里 股 份
6 0 1 9 3 9 , 建 设 银 行
6 0 0 4 5 8 , 时 代 新 材
6 0 0 4 8 0 , 凌 云 股 份
3 0 0 1 6 5 , 天 瑞 仪 器
0 0 2 5 5 2 , 宝 鼎 重 工
0 0 0 5 4 9 , S 湘 火 炬
6 0 0 8 7 3 , 梅 花 生 物
6 0 3 8 9 8 , 好 莱 客
6 0 0 8 7 8 , * S T 北 科
6 0 0 8 0 9 , 山 西 汾 酒
0 0 2 7 3 4 , 利 民 股 份
3 0 0 2 5 5 , 常 山 药 业
6 0 0 6 1 4 , 鼎 立 股 份
0 0 2 3 8 0 , 科 远 股 份
6 0 0 3 5 2 , 浙 江 龙 盛
6 0 0 5 0 1 , 航 天 晨 光
0 0 2 2 7 1 , 东 方 雨 虹
0 0 0 7 0 9 , 河 北 钢 铁
6 0 0 5 7 5 , 皖 江 物 流
0 0 0 5 9 7 , 东 北 制 药
0 0 0 5 5 4 , 泰 山 石 油
6 0 1 1 3 7 , 博 威 合 金
3 0 0 2 7 9 , 和 晶 科 技
0 0 0 4 2 3 , 东 阿 阿 胶
6 0 0 8 2 1 , 津 劝 业
6 0 0 5 3 1 , 豫 光 金 铅
0 0 0 8 2 7 , * S T 长 兴
6 0 3 1 6 7 , 渤 海 轮 渡
6 0 0 0 6 4 , 南 京 高 科
3 0 0 1 8 4 , 力 源 信 息
0 0 2 0 3 0 , 达 安 基 因
6 0 0 8 7 1 , 石 化 油 服
0 0 0 6 2 7 , 天 茂 集 团
6 0 0 2 2 3 , 鲁 商 置 业
3 0 0 1 9 8 , 纳 川 股 份
6 0 0 6 1 6 , 金 枫 酒 业
0 0 2 3 5 2 , 鼎 泰 新 材
0 0 2 7 8 0 , 三 夫 户 外
6 0 0 2 8 7 , 江 苏 舜 天
0 0 2 7 1 6 , 金 贵 银 业
6 0 1 0 0 8 , 连 云 港
0 0 2 4 5 9 , 天 业 通 联
6 0 0 6 3 4 , 中 技 控 股
6 0 0 3 7 5 , 华 菱 星 马
0 0 0 8 9 9 , 赣 能 股 份
6 0 0 1 0 4 , 上 汽 集 团
6 0 1 0 1 1 , 宝 泰 隆
6 0 0 1 0 3 , 青 山 纸 业
0 0 2 3 4 5 , 潮 宏 基
0 0 2 1 4 5 , 中 核 钛 白
3 0 0 3 6 1 , 奥 赛 康
3 0 0 3 4 0 , 科 恒 股 份
3 0 0 2 0 0 , 高 盟 新 材
6 0 0 2 4 7 , * S T 成 城
6 0 1 6 9 9 , 潞 安 环 能
0 0 2 4 7 0 , 金 正 大
0 0 2 5 0 7 , 涪 陵 榨 菜
0 0 0 6 2 5 , 长 安 汽 车
6 0 0 3 2 3 , 瀚 蓝 环 境
6 0 3 1 6 9 , 兰 石 重 装
6 0 1 8 9 0 , 亚 星 锚 链
6 0 0 7 0 5 , 中 航 资 本
0 0 2 3 4 3 , 禾 欣 股 份
0 0 2 1 5 2 , 广 电 运 通
0 0 0 8 6 1 , 海 印 股 份
6 0 0 5 1 2 , 腾 达 建 设
3 0 0 3 5 8 , 楚 天 科 技
6 0 0 1 8 2 , S 佳 通
0 0 2 4 4 1 , 众 业 达
3 0 0 3 4 3 , 联 创 节 能
3 0 0 1 4 9 , 量 子 高 科
0 0 0 4 0 2 , 金 融 街
0 0 2 1 7 8 , 延 华 智 能
0 0 2 1 6 4 , 宁 波 东 力
6 0 0 2 7 1 , 航 天 信 息
0 0 0 5 3 0 , 大 冷 股 份
0 0 2 1 0 3 , 广 博 股 份
0 0 2 0 8 9 , 新 海 宜
0 0 2 1 9 8 , 嘉 应 制 药
6 0 0 2 6 6 , 北 京 城 建
6 0 0 1 3 8 , 中 青 旅
6 0 0 1 5 8 , 中 体 产 业
0 0 0 9 2 6 , 福 星 股 份
2 0 0 6 2 5 , 长 安 B
6 0 0 4 5 9 , 贵 研 铂 业
0 0 2 3 0 7 , 北 新 路 桥
0 0 0 8 1 6 , 智 慧 农 业
6 0 0 6 5 5 , 豫 园 商 城
0 0 0 8 3 7 , 秦 川 机 床
6 0 0 2 9 7 , 美 罗 药 业
6 0 0 6 9 1 , * S T 阳 化
0 0 0 5 8 5 , 东 北 电 气
6 0 3 5 5 5 , 贵 人 鸟
3 0 0 0 8 7 , 荃 银 高 科
6 0 0 9 8 5 , 雷 鸣 科 化
3 0 0 0 0 5 , 探 路 者
6 0 3 0 0 3 , 龙 宇 燃 油
0 0 0 9 3 0 , 中 粮 生 化
6 0 0 1 3 3 , 东 湖 高 新
0 0 2 1 4 2 , 宁 波 银 行
3 0 0 4 1 4 , 中 光 防 雷
0 0 0 5 0 9 , 华 塑 控 股
6 0 0 0 8 1 , 东 风 科 技
6 0 0 7 8 0 , 通 宝 能 源
0 0 2 5 7 6 , 通 达 动 力
6 0 0 0 0 7 , 中 国 国 贸
6 0 0 5 8 5 , 海 螺 水 泥
6 0 1 1 6 8 , 西 部 矿 业
0 0 2 1 4 3 , 印 纪 传 媒
6 0 0 2 1 0 , 紫 江 企 业
0 0 0 5 6 0 , 昆 百 大 A
6 0 1 0 0 3 , 柳 钢 股 份
0 0 2 4 4 8 , 中 原 内 配
6 0 0 4 1 5 , 小 商 品 城
6 0 0 6 5 0 , 锦 江 投 资
3 0 0 1 3 3 , 华 策 影 视
0 0 2 5 6 7 , 唐 人 神
6 0 0 0 6 2 , 华 润 双 鹤
3 0 0 0 1 9 , 硅 宝 科 技
6 0 0 0 2 1 , 上 海 电 力
6 0 0 6 7 9 , 金 山 开 发
0 0 2 7 6 2 , 金 发 拉 比
0 0 2 4 4 2 , 龙 星 化 工
6 0 0 8 5 0 , X D 华 东 电
0 0 2 2 4 3 , 通 产 丽 星
0 0 0 9 8 3 , 西 山 煤 电
6 0 0 3 7 9 , 宝 光 股 份
6 0 0 5 1 3 , 联 环 药 业
2 0 0 0 2 4 , 招 商 局 B
3 0 0 0 2 4 , 机 器 人
3 0 0 2 7 1 , 华 宇 软 件
6 0 0 3 1 8 , 巢 东 股 份
0 0 2 7 8 5 , 万 里 石
6 0 0 2 2 1 , 海 南 航 空
3 0 0 0 2 1 , 大 禹 节 水
6 0 1 3 9 0 , 中 国 中 铁
0 0 2 3 5 0 , 北 京 科 锐
0 0 2 2 6 1 , 拓 维 信 息
0 0 0 6 9 3 , 华 泽 钴 镍
0 0 0 7 2 6 , 鲁 泰 A
3 0 0 4 0 6 , 九 强 生 物
0 0 2 3 9 1 , 长 青 股 份
0 0 2 3 6 1 , 神 剑 股 份
6 0 0 7 5 6 , 浪 潮 软 件
3 0 0 2 9 4 , 博 雅 生 物
0 0 0 0 1 0 , 深 华 新
0 0 2 4 2 2 , 科 伦 药 业
0 0 0 7 2 5 , 京 东 方 A
0 0 2 7 4 6 , 仙 坛 股 份
3 0 0 0 8 4 , 海 默 科 技
0 0 2 2 2 3 , 鱼 跃 医 疗
0 0 2 4 0 9 , 雅 克 科 技
0 0 0 6 8 9 , S T 宏 业
3 0 0 1 1 5 , 长 盈 精 密
6 0 0 2 0 3 , 福 日 电 子
6 0 0 8 2 0 , 隧 道 股 份
6 0 0 2 5 6 , 广 汇 能 源
6 0 0 8 6 7 , 通 化 东 宝
6 0 0 5 6 7 , 山 鹰 纸 业
6 0 0 8 1 0 , 神 马 股 份
6 0 0 0 3 3 , 福 建 高 速
3 0 0 2 1 0 , 森 远 股 份
6 0 0 8 0 2 , 福 建 水 泥
6 0 1 9 9 9 , 出 版 传 媒
6 0 0 2 5 8 , 首 旅 酒 店
6 0 0 4 8 8 , 天 药 股 份
6 0 3 4 5 6 , 九 洲 药 业
0 0 2 5 8 7 , 奥 拓 电 子
0 0 2 0 7 2 , 凯 瑞 德
0 0 0 1 5 7 , 中 联 重 科
6 0 0 4 7 5 , 华 光 股 份
0 0 2 4 5 4 , 松 芝 股 份
6 0 0 6 0 2 , 仪 电 电 子
6 0 3 1 0 0 , 川 仪 股 份
0 0 0 5 3 6 , 华 映 科 技
3 0 0 4 3 5 , 中 泰 股 份
0 0 0 9 4 8 , 南 天 信 息
0 0 2 6 5 2 , 扬 子 新 材
3 0 0 2 5 2 , 金 信 诺
6 0 0 2 4 9 , 两 面 针
0 0 2 2 8 0 , 联 络 互 动
6 0 0 0 6 7 , 冠 城 大 通
0 0 0 6 2 0 , 新 华 联
6 0 1 0 9 8 , 中 南 传 媒
6 0 0 2 8 4 , 浦 东 建 设
0 0 0 7 6 5 , * S T 华 信
6 0 0 2 3 3 , 大 杨 创 世
0 0 0 5 2 8 , 柳 工
3 0 0 1 8 0 , 华 峰 超 纤
6 0 0 6 1 2 , 老 凤 祥
0 0 0 5 5 5 , 神 州 信 息
6 0 0 8 3 5 , 上 海 机 电
0 0 2 6 6 2 , 京 威 股 份
0 0 2 1 6 2 , 斯 米 克
0 0 2 5 1 4 , 宝 馨 科 技
3 0 0 3 2 0 , 海 达 股 份
6 0 0 6 8 9 , 上 海 三 毛
0 0 2 4 1 5 , 海 康 威 视
6 0 0 2 3 5 , 民 丰 特 纸
3 0 0 1 3 8 , 晨 光 生 物
3 0 0 0 8 3 , 劲 胜 精 密
6 0 0 1 0 6 , 重 庆 路 桥
3 0 0 1 4 4 , 宋 城 演 艺
6 0 0 4 0 3 , 大 有 能 源
0 0 2 6 5 4 , 万 润 科 技
6 0 0 5 3 7 , 亿 晶 光 电
0 0 0 8 9 5 , 双 汇 发 展
0 0 0 4 1 8 , 小 天 鹅 A
6 0 0 8 2 5 , 新 华 传 媒
0 0 0 4 9 8 , 山 东 路 桥
3 0 0 4 6 7 , 迅 游 科 技
6 0 0 8 4 5 , 宝 信 软 件
0 0 2 3 7 0 , 亚 太 药 业
0 0 0 0 7 0 , 特 发 信 息
3 0 0 0 5 0 , 世 纪 鼎 利
0 0 2 4 8 1 , 双 塔 食 品
0 0 2 4 4 4 , 巨 星 科 技
0 0 2 4 7 9 , 富 春 环 保
0 0 0 5 5 2 , 靖 远 煤 电
0 0 0 9 5 0 , 建 峰 化 工
0 0 0 5 9 2 , 平 潭 发 展
0 0 2 1 0 8 , 沧 州 明 珠
6 0 0 2 5 1 , 冠 农 股 份
6 0 0 1 4 8 , X D 长 春 一
6 0 0 8 2 6 , 兰 生 股 份
0 0 2 2 4 1 , 歌 尔 声 学
0 0 2 5 9 3 , 日 上 集 团
0 0 0 9 5 7 , 中 通 客 车
3 0 0 3 5 9 , 全 通 教 育
6 0 0 0 9 3 , 禾 嘉 股 份
0 0 0 9 2 1 , 海 信 科 龙
6 0 0 5 2 8 , 中 铁 二 局
0 0 0 0 3 3 , * S T 新 都
6 0 0 7 4 7 , 大 连 控 股
0 0 0 9 6 9 , 安 泰 科 技
6 0 0 0 0 5 , 武 钢 股 份
0 0 2 3 2 1 , 华 英 农 业
0 0 2 0 4 0 , 南 京 港
0 0 2 4 6 9 , 三 维 工 程
0 0 0 0 3 2 , 深 桑 达 A
0 0 2 6 8 3 , 宏 大 爆 破
3 0 0 4 6 4 , 星 徽 精 密
6 0 0 0 8 8 , 中 视 传 媒
3 0 0 4 8 9 , 中 飞 股 份
0 0 2 3 9 6 , 星 网 锐 捷
0 0 2 6 4 9 , 博 彦 科 技
3 0 0 4 3 6 , 广 生 堂
6 0 0 8 4 6 , 同 济 科 技
6 0 0 7 8 3 , 鲁 信 创 投
3 0 0 3 5 0 , 华 鹏 飞
0 0 2 5 4 6 , 新 联 电 子
0 0 0 7 2 0 , 新 能 泰 山
0 0 2 5 8 6 , 围 海 股 份
0 0 0 0 2 5 , 特 力 A
6 0 0 7 4 2 , 一 汽 富 维
6 0 1 3 7 7 , 兴 业 证 券
0 0 2 6 3 0 , 华 西 能 源
3 0 0 1 0 4 , 乐 视 网
0 0 2 4 7 7 , 雏 鹰 农 牧
3 0 0 2 3 6 , 上 海 新 阳
6 0 0 8 6 3 , 内 蒙 华 电
2 0 0 0 1 5 , P T 中 浩 B
0 0 2 3 0 2 , 西 部 建 设
6 0 1 9 9 1 , 大 唐 发 电
0 0 2 2 7 8 , 神 开 股 份
3 0 0 1 9 3 , 佳 士 科 技
3 0 0 0 9 5 , 华 伍 股 份
0 0 2 5 8 9 , 瑞 康 医 药
6 0 0 0 1 8 , 上 港 集 团
0 0 2 1 8 4 , 海 得 控 制
3 0 0 0 6 8 , 南 都 电 源
6 0 0 7 4 9 , 西 藏 旅 游
3 0 0 2 8 1 , 金 明 精 机
0 0 2 6 5 0 , 加 加 食 品
0 0 0 9 9 0 , 诚 志 股 份
0 0 2 1 3 4 , 天 津 普 林
0 0 0 0 1 9 , 深 深 宝 A
0 0 0 5 5 0 , 江 铃 汽 车
3 0 0 1 5 1 , 昌 红 科 技
6 0 0 6 4 4 , * S T 乐 电
3 0 0 1 2 1 , 阳 谷 华 泰
6 0 0 7 5 5 , 厦 门 国 贸
6 0 0 1 6 8 , 武 汉 控 股
0 0 2 2 9 7 , 博 云 新 材
6 0 0 0 3 7 , 歌 华 有 线
0 0 0 5 8 9 , 黔 轮 胎 A
0 0 2 4 7 8 , 常 宝 股 份
3 0 0 3 6 6 , 创 意 信 息
6 0 0 9 8 8 , 赤 峰 黄 金
0 0 2 7 3 8 , 中 矿 资 源
3 0 0 0 7 7 , 国 民 技 术
0 0 2 7 0 0 , 新 疆 浩 源
6 0 0 3 8 3 , 金 地 集 团
0 0 2 0 9 4 , 青 岛 金 王
0 0 0 9 8 9 , 九 芝 堂
6 0 0 4 7 7 , 杭 萧 钢 构
6 0 1 2 0 8 , 东 材 科 技
6 0 0 7 9 5 , 国 电 电 力
0 0 2 4 0 2 , 和 而 泰
0 0 0 1 5 0 , 宜 华 健 康
6 0 0 7 3 4 , 实 达 集 团
3 0 0 0 5 6 , 三 维 丝
0 0 0 5 6 9 , 长 城 股 份
0 0 2 6 9 6 , 百 洋 股 份
6 0 0 8 3 2 , 东 方 明 珠
6 0 0 4 6 9 , 风 神 股 份
3 0 0 3 8 2 , 斯 莱 克
0 0 2 6 3 2 , 道 明 光 学
6 0 0 2 5 5 , 鑫 科 材 料
0 0 0 6 7 1 , 阳 光 城
6 0 0 1 5 6 , 华 升 股 份
0 0 0 5 1 6 , 国 际 医 学
0 0 0 9 0 2 , 新 洋 丰
6 0 0 6 2 1 , 华 鑫 股 份
0 0 2 1 6 0 , 常 铝 股 份
3 0 0 2 9 6 , 利 亚 德
0 0 0 7 3 3 , 振 华 科 技
3 0 0 1 4 0 , 启 源 装 备
0 0 0 9 1 3 , 钱 江 摩 托
2 0 0 0 5 6 , 深 国 商 B
6 0 0 8 9 3 , 中 航 动 力
0 0 2 1 0 6 , 莱 宝 高 科
6 0 3 1 1 7 , 万 林 股 份
6 0 1 0 1 6 , 节 能 风 电
0 0 0 9 6 5 , 天 保 基 建
6 0 0 7 5 3 , 东 方 银 星
3 0 0 2 5 9 , 新 天 科 技
0 0 2 7 2 8 , 台 城 制 药
3 0 0 0 0 8 , 上 海 佳 豪
0 0 2 3 4 7 , 泰 尔 重 工
6 0 0 0 3 0 , 中 信 证 券
6 0 0 7 4 3 , 华 远 地 产
6 0 0 2 0 9 , 罗 顿 发 展
0 0 2 5 6 6 , 益 盛 药 业
6 0 1 0 8 8 , 中 国 神 华
0 0 2 0 6 5 , 东 华 软 件
0 0 2 7 7 9 , 中 坚 科 技
2 0 0 8 6 9 , 张 裕 B
6 0 0 6 2 9 , 棱 光 实 业
6 0 3 0 0 2 , 宏 昌 电 子
0 0 2 1 2 5 , 湘 潭 电 化
6 0 0 0 0 8 , 首 创 股 份
0 0 2 7 1 9 , 麦 趣 尔
6 0 3 5 9 8 , 引 力 传 媒
0 0 0 6 5 7 , 中 钨 高 新
6 0 0 6 3 5 , 大 众 公 用
0 0 2 2 6 6 , 浙 富 控 股
0 0 2 0 1 3 , 中 航 机 电
3 0 0 1 8 2 , 捷 成 股 份
0 0 2 7 7 1 , 真 视 通
3 0 0 3 8 6 , 飞 天 诚 信
3 0 0 3 7 2 , 欣 泰 电 气
6 0 0 4 0 6 , 国 电 南 瑞
0 0 2 2 4 0 , 威 华 股 份
0 0 0 5 6 1 , 烽 火 电 子
6 0 0 3 6 5 , 通 葡 股 份
6 0 0 5 3 8 , 国 发 股 份
0 0 0 5 1 8 , 四 环 生 物
3 0 0 3 1 4 , 戴 维 医 疗
3 0 0 3 9 6 , 迪 瑞 医 疗
6 0 0 6 4 2 , 申 能 股 份
3 0 0 2 0 5 , 天 喻 信 息
6 0 0 7 2 9 , 重 庆 百 货
6 0 0 7 7 6 , 东 方 通 信
0 0 2 6 6 8 , 奥 马 电 器
3 0 0 4 1 7 , 南 华 仪 器
3 0 0 1 1 9 , 瑞 普 生 物
0 0 0 4 0 4 , 华 意 压 缩
0 0 2 7 8 2 , 可 立 克
6 0 0 2 8 5 , 羚 锐 制 药
3 0 0 2 4 2 , 明 家 科 技
0 0 0 8 6 3 , 三 湘 股 份
3 0 0 3 6 2 , 天 保 重 装
6 0 0 6 9 9 , 均 胜 电 子
0 0 0 0 6 0 , 中 金 岭 南
6 0 0 7 6 3 , 通 策 医 疗
0 0 2 5 7 5 , 群 兴 玩 具
6 0 0 1 2 9 , 太 极 集 团
0 0 2 6 6 6 , 德 联 集 团
0 0 2 2 3 1 , 奥 维 通 信
0 0 2 3 2 4 , 普 利 特
6 0 0 0 5 0 , 中 国 联 通
0 0 2 7 4 7 , 埃 斯 顿
6 0 0 2 6 5 , S T 景 谷
6 0 0 1 9 3 , 创 兴 资 源
6 0 0 6 1 3 , 神 奇 制 药
0 0 2 4 9 5 , 佳 隆 股 份
0 0 2 2 6 0 , 伊 立 浦
3 0 0 2 2 3 , 北 京 君 正
6 0 0 8 3 3 , 第 一 医 药
3 0 0 4 0 2 , 宝 色 股 份
6 0 3 7 6 6 , 隆 鑫 通 用
6 0 1 5 1 9 , 大 智 慧
6 0 0 6 4 1 , 万 业 企 业
6 0 1 6 1 8 , 中 国 中 冶
0 0 2 2 9 1 , 星 期 六
6 0 0 2 6 3 , 路 桥 建 设
0 0 0 9 8 1 , 银 亿 股 份
6 0 3 3 5 5 , 莱 克 电 气
3 0 0 2 4 7 , 桑 乐 金
0 0 2 3 0 5 , 南 国 置 业
0 3 8 0 1 5 , 盐 湖 Y H P 1
6 0 0 8 6 4 , 哈 投 股 份
0 0 2 2 5 7 , 立 立 电 子
0 0 2 2 8 3 , 天 润 曲 轴
6 0 0 0 9 1 , * S T 明 科
6 0 0 7 0 7 , 彩 虹 股 份
0 0 0 0 2 6 , 飞 亚 达 A
0 0 0 7 9 9 , * S T 酒 鬼
6 0 3 8 3 8 , 四 通 股 份
0 0 2 7 4 9 , 国 光 股 份
6 0 0 7 8 9 , 鲁 抗 医 药
0 0 2 6 2 4 , 完 美 环 球
3 0 0 4 6 0 , 惠 伦 晶 体
6 0 0 2 0 5 , S 山 东 铝
0 0 2 5 5 0 , 千 红 制 药
6 0 1 1 1 3 , 华 鼎 股 份
6 0 0 6 7 8 , 四 川 金 顶
3 0 0 1 1 4 , 中 航 电 测
6 0 3 9 8 9 , 艾 华 集 团
0 0 2 2 7 4 , 华 昌 化 工
0 0 2 4 4 0 , 闰 土 股 份
0 0 2 5 1 7 , 泰 亚 股 份
6 0 0 7 5 0 , 江 中 药 业
0 0 2 5 3 7 , 海 立 美 达
6 0 0 2 0 8 , 新 湖 中 宝
3 0 0 0 2 5 , 华 星 创 业
0 0 2 4 9 6 , 辉 丰 股 份
0 0 2 1 9 1 , 劲 嘉 股 份
0 0 2 4 6 1 , 珠 江 啤 酒
2 0 0 5 5 3 , 沙 隆 达 B
3 0 0 4 9 6 , 中 科 创 达
6 0 0 4 2 6 , 华 鲁 恒 升
0 0 2 6 4 4 , 佛 慈 制 药
0 0 2 4 5 1 , 摩 恩 电 气
6 0 1 1 1 7 , 中 国 化 学
6 0 0 3 2 6 , 西 藏 天 路
0 0 0 9 2 9 , 兰 州 黄 河
6 0 1 7 7 7 , 力 帆 股 份
0 0 0 8 6 0 , 顺 鑫 农 业
6 0 0 7 6 9 , 祥 龙 电 业
0 0 2 2 2 4 , 三 力 士
6 0 0 6 8 3 , 京 投 银 泰
6 0 0 1 0 8 , 亚 盛 集 团
3 0 0 3 6 8 , 汇 金 股 份
6 0 0 9 6 5 , 福 成 五 丰
6 0 0 1 7 0 , 上 海 建 工
6 0 3 3 2 8 , 依 顿 电 子
3 0 0 1 9 2 , 科 斯 伍 德
0 0 2 2 0 7 , 准 油 股 份
6 0 0 1 2 1 , 郑 州 煤 电
0 0 2 3 9 2 , 北 京 利 尔
0 0 2 3 5 7 , 富 临 运 业
6 0 0 5 7 0 , 恒 生 电 子
6 0 0 2 1 3 , 亚 星 客 车
6 0 1 2 9 9 , 中 国 北 车
0 0 2 3 0 9 , 中 利 科 技
3 0 0 4 8 3 , 沃 施 股 份
6 0 0 8 9 4 , 广 日 股 份
0 0 0 6 0 7 , 华 媒 控 股
6 0 0 1 4 3 , 金 发 科 技
0 0 2 6 3 4 , 棒 杰 股 份
0 0 2 7 8 1 , 奇 信 股 份
0 0 2 4 6 6 , 天 齐 锂 业
6 0 0 7 7 1 , 广 誉 远
6 0 0 4 5 2 , 涪 陵 电 力
3 0 0 2 2 9 , 拓 尔 思
6 0 0 7 1 7 , 天 津 港
0 0 2 3 0 6 , * S T 云 网
3 0 0 3 4 2 , 天 银 机 电
0 0 0 0 2 3 , 深 天 地 A
3 0 0 1 4 5 , 南 方 泵 业
3 0 0 0 1 8 , 中 元 华 电
6 0 0 5 7 8 , 京 能 电 力
6 0 3 8 0 8 , 歌 力 思
3 0 0 3 4 9 , 金 卡 股 份
6 0 0 4 9 6 , 精 工 钢 构
6 0 0 5 6 8 , 中 珠 控 股
6 0 3 0 0 9 , 北 特 科 技
6 0 0 6 7 4 , 川 投 能 源
6 0 0 4 8 7 , 亨 通 光 电
0 0 2 5 3 9 , 新 都 化 工
0 0 0 9 5 8 , 东 方 能 源
0 0 2 3 7 7 , 国 创 高 新
6 0 0 2 6 9 , 赣 粤 高 速
0 0 2 1 4 4 , 宏 达 高 科
0 0 2 0 9 7 , 山 河 智 能
0 0 2 2 5 8 , 利 尔 化 学
6 0 0 3 0 9 , 万 华 化 学
6 0 1 1 0 0 , 恒 立 油 缸
0 0 2 6 1 8 , 丹 邦 科 技
6 0 0 8 8 0 , 博 瑞 传 播
0 0 0 7 8 8 , 北 大 医 药
0 0 2 0 2 0 , 京 新 药 业
6 0 3 5 1 8 , 维 格 娜 丝
0 0 2 5 3 4 , 杭 锅 股 份
3 0 0 2 6 5 , 通 光 线 缆
0 0 2 3 9 9 , 海 普 瑞
6 0 0 1 9 5 , 中 牧 股 份
0 0 0 9 1 5 , 山 大 华 特
0 0 0 7 2 1 , 西 安 饮 食
0 0 2 7 2 9 , 好 利 来
0 0 2 1 5 9 , 三 特 索 道
0 0 0 4 1 0 , 沈 阳 机 床
0 0 0 5 6 3 , 陕 国 投 A
6 0 0 7 0 6 , 曲 江 文 旅
0 0 2 2 3 5 , 安 妮 股 份
0 0 0 9 1 0 , 大 亚 科 技
6 0 1 6 6 6 , 平 煤 股 份
0 0 2 1 7 0 , 芭 田 股 份
0 0 0 4 1 6 , 民 生 控 股
0 0 2 6 0 5 , 姚 记 扑 克
6 0 0 5 7 6 , 万 好 万 家
6 0 0 7 3 2 , * S T 新 梅
0 0 0 1 5 6 , 华 数 传 媒
0 0 2 4 8 9 , 浙 江 永 强
0 0 0 6 8 7 , 恒 天 天 鹅
6 0 0 3 3 6 , 澳 柯 玛
0 0 2 5 5 9 , 亚 威 股 份
0 0 2 7 1 8 , 友 邦 吊 顶
0 0 2 3 8 8 , 新 亚 制 程
0 0 2 0 1 1 , 盾 安 环 境
3 0 0 1 4 1 , 和 顺 电 气
6 0 1 8 8 6 , 江 河 创 建
6 0 0 4 9 8 , 烽 火 通 信
3 0 0 3 3 0 , 华 虹 计 通
6 0 0 0 8 0 , 金 花 股 份
0 0 2 6 9 7 , 红 旗 连 锁
0 0 2 2 4 4 , 滨 江 集 团
0 0 0 6 8 6 , 东 北 证 券
3 0 0 0 6 2 , 中 能 电 气
3 0 0 4 2 5 , 环 能 科 技
6 0 0 1 2 3 , 兰 花 科 创
0 0 2 6 1 1 , 东 方 精 工
0 0 0 7 1 7 , 韶 钢 松 山
6 0 0 6 4 0 , 号 百 控 股
6 0 3 1 9 8 , 迎 驾 贡 酒
6 0 1 5 6 6 , 九 牧 王
0 0 2 5 7 9 , 中 京 电 子
6 0 0 4 3 3 , 冠 豪 高 新
0 0 0 6 7 2 , 上 峰 水 泥
0 0 0 6 0 2 , 金 马 集 团
0 0 2 7 6 6 , 索 菱 股 份
6 0 0 1 5 5 , 宝 硕 股 份
0 0 2 1 0 0 , 天 康 生 物
3 0 0 4 6 8 , 四 方 精 创
6 0 1 3 3 9 , 百 隆 东 方
6 0 0 1 6 3 , * S T 南 纸
0 0 2 5 3 1 , 天 顺 风 能
0 0 2 5 9 1 , 恒 大 高 新
6 0 0 5 9 0 , 泰 豪 科 技
6 0 0 0 0 3 , S T 东 北 高
0 0 0 9 5 2 , 广 济 药 业
6 0 0 1 1 6 , 三 峡 水 利
3 0 0 2 3 9 , 东 宝 生 物
0 0 0 7 9 3 , 华 闻 传 媒
0 0 2 2 5 3 , 川 大 智 胜
3 0 0 0 3 2 , 金 龙 机 电
0 0 2 6 3 3 , * S T 申 科
0 0 0 0 3 8 , 深 大 通
0 0 2 7 2 3 , 金 莱 特
0 0 0 0 1 6 , 深 康 佳 A
0 0 2 0 1 0 , 传 化 股 份
3 0 0 2 9 3 , 蓝 英 装 备
3 0 0 4 1 0 , 正 业 科 技
0 0 2 6 1 3 , 北 玻 股 份
6 0 0 5 9 1 , * S T 上 航
6 0 1 3 8 8 , 怡 球 资 源
3 0 0 2 1 5 , 电 科 院
3 0 0 3 1 0 , 宜 通 世 纪
6 0 0 3 0 8 , 华 泰 股 份
0 0 2 5 9 2 , 八 菱 科 技
0 0 0 8 1 5 , * S T 美 利
6 0 0 5 6 6 , 济 川 药 业
3 0 0 3 3 2 , 天 壕 节 能
6 0 3 3 3 3 , 明 星 电 缆
6 0 0 8 0 5 , 悦 达 投 资
6 0 1 2 3 1 , 环 旭 电 子
0 0 2 1 5 4 , 报 喜 鸟
6 0 0 8 8 2 , 华 联 矿 业
6 0 0 2 6 0 , 凯 乐 科 技
6 0 0 8 9 2 , 宝 诚 股 份
0 0 0 5 8 8 , P T 粤 金 曼
3 0 0 4 2 3 , 鲁 亿 通
6 0 0 5 0 5 , 西 昌 电 力
6 0 0 2 2 7 , 赤 天 化
0 0 2 2 8 7 , 奇 正 藏 药
6 0 0 6 8 6 , 金 龙 汽 车
0 0 2 2 3 7 , 恒 邦 股 份
6 0 0 6 8 0 , 上 海 普 天
6 0 0 7 1 2 , 南 宁 百 货
3 0 0 1 3 7 , 先 河 环 保
6 0 0 5 1 9 , 贵 州 茅 台
0 0 0 6 1 0 , 西 安 旅 游
0 0 2 0 8 8 , 鲁 阳 股 份
6 0 0 8 6 0 , 京 城 股 份
0 0 0 8 0 5 , * S T 炎 黄
0 0 2 6 8 2 , 龙 洲 股 份
6 0 0 1 1 9 , 长 江 投 资
0 0 0 8 8 3 , 湖 北 能 源
6 0 0 8 0 6 , 昆 明 机 床
0 0 2 6 4 0 , 跨 境 通
6 0 0 4 3 5 , 北 方 导 航
3 0 0 1 3 1 , 英 唐 智 控
0 0 2 6 4 3 , 万 润 股 份
6 0 0 7 6 2 , S * S T 金 荔
0 0 2 3 9 4 , 联 发 股 份
6 0 0 9 6 7 , 北 方 创 业
0 0 0 9 5 6 , 中 原 油 气
6 0 0 3 4 5 , 长 江 通 信
6 0 1 9 3 3 , 永 辉 超 市
3 0 0 0 3 5 , 中 科 电 气
6 0 0 3 1 0 , 桂 东 电 力
6 0 0 3 7 0 , 三 房 巷
0 0 2 3 3 2 , 仙 琚 制 药
3 0 0 1 8 5 , 通 裕 重 工
6 0 3 0 2 5 , 大 豪 科 技
0 0 0 7 8 6 , 北 新 建 材
0 0 2 0 0 3 , 伟 星 股 份
0 0 2 2 2 2 , 福 晶 科 技
6 0 0 9 9 0 , 四 创 电 子
6 0 0 7 3 8 , 兰 州 民 百
6 0 0 6 6 6 , 西 南 药 业
6 0 0 0 1 6 , 民 生 银 行
0 0 0 8 5 2 , 江 钻 股 份
3 0 0 4 3 0 , 诚 益 通
0 0 2 5 9 6 , 海 南 瑞 泽
0 0 0 6 7 7 , * S T 海 龙
0 0 2 1 1 4 , 罗 平 锌 电
3 0 0 2 4 5 , 天 玑 科 技
3 0 0 4 3 8 , 鹏 辉 能 源
6 0 1 1 1 8 , 海 南 橡 胶
6 0 1 7 1 8 , 际 华 集 团
6 0 0 3 6 2 , 江 西 铜 业
6 0 0 0 0 0 , 浦 发 银 行
2 0 0 5 3 0 , 大 冷 B
3 0 0 0 8 6 , 康 芝 药 业
3 0 0 3 7 5 , 鹏 翎 股 份
0 0 2 0 2 1 , 中 捷 资 源
2 0 0 0 4 1 , * S T 本 实 B
6 0 1 7 6 6 , 中 国 中 车
3 0 0 2 2 8 , 富 瑞 特 装
0 0 0 9 6 3 , 华 东 医 药
3 0 0 1 3 9 , 福 星 晓 程
0 0 0 6 0 1 , 韶 能 股 份
0 0 2 2 2 1 , 东 华 能 源
6 0 0 8 2 8 , 成 商 集 团
3 0 0 3 1 1 , 任 子 行
0 0 2 4 9 3 , 荣 盛 石 化
0 0 0 7 1 0 , 天 兴 仪 表
0 0 2 6 3 6 , 金 安 国 纪
0 0 2 2 2 7 , 奥 特 迅
6 0 0 1 5 0 , 中 国 船 舶
3 0 0 1 5 2 , 燃 控 科 技
6 0 0 1 9 9 , 金 种 子 酒
3 0 0 4 9 3 , 润 欣 科 技
0 0 2 0 9 3 , 国 脉 科 技
6 0 0 6 5 3 , 申 华 控 股
2 0 0 5 1 3 , 丽 珠 B
6 0 3 3 0 0 , 华 铁 科 技
6 0 0 7 4 0 , 山 西 焦 化
6 0 1 1 8 8 , 龙 江 交 通
0 0 2 4 3 5 , 长 江 润 发
6 0 3 3 0 9 , 维 力 医 疗
0 0 2 6 2 1 , 大 连 三 垒
0 0 2 2 6 5 , 西 仪 股 份
6 0 0 8 6 1 , 北 京 城 乡
6 0 1 9 0 1 , 方 正 证 券
6 0 0 8 1 7 , S T 宏 盛
6 0 0 6 5 9 , * S T 花 雕
0 0 0 5 2 5 , 红 太 阳
0 0 2 1 1 2 , 三 变 科 技
0 0 0 5 9 6 , 古 井 贡 酒
6 0 0 0 3 5 , 楚 天 高 速
6 0 0 7 1 5 , * S T 松 辽
0 0 2 5 9 7 , 金 禾 实 业
0 0 0 5 8 4 , 友 利 控 股
6 0 0 5 2 1 , 华 海 药 业
6 0 0 3 8 7 , 海 越 股 份
3 0 0 2 7 0 , 中 威 电 子
6 0 0 3 8 1 , 青 海 春 天
0 0 2 1 8 5 , 华 天 科 技
0 0 2 1 8 6 , 全 聚 德
6 0 0 5 5 9 , 老 白 干 酒
3 0 0 0 3 3 , 同 花 顺
0 0 2 5 8 3 , 海 能 达
0 0 0 5 5 8 , 莱 茵 置 业
0 0 2 5 6 8 , 百 润 股 份
0 0 2 6 9 9 , 美 盛 文 化
6 0 1 9 6 5 , 中 国 汽 研
6 0 0 5 4 9 , 厦 门 钨 业
0 0 0 0 2 7 , 深 圳 能 源
3 0 0 1 0 5 , 龙 源 技 术
0 0 0 6 5 9 , * S T 中 富
0 0 2 0 7 3 , 软 控 股 份
0 0 0 9 7 5 , 银 泰 资 源
0 0 2 2 2 5 , 濮 耐 股 份
0 0 0 5 3 2 , 力 合 股 份
3 0 0 1 5 3 , 科 泰 电 源
6 0 0 5 7 3 , 惠 泉 啤 酒
3 0 0 4 9 1 , 通 合 科 技
0 0 2 2 5 2 , 上 海 莱 士
0 0 2 3 5 4 , 天 神 娱 乐
6 0 0 8 3 8 , 上 海 九 百
0 0 2 2 2 8 , 合 兴 包 装
0 0 0 4 2 9 , 粤 高 速 A
6 0 0 4 6 1 , 洪 城 水 业
3 0 0 3 4 1 , 麦 迪 电 气
0 0 2 2 2 9 , 鸿 博 股 份
0 0 2 2 6 7 , 陕 天 然 气
0 0 2 0 4 2 , 华 孚 色 纺
3 0 0 0 1 2 , 华 测 检 测
0 0 2 2 9 9 , 圣 农 发 展
0 0 0 8 1 0 , 创 维 数 字
6 0 0 9 6 2 , * S T 中 鲁
0 0 0 7 1 8 , 苏 宁 环 球
2 0 0 5 7 0 , 苏 常 柴 B
0 0 0 7 5 1 , 锌 业 股 份
6 0 1 6 6 8 , 中 国 建 筑
6 0 0 7 7 7 , 新 潮 实 业
3 0 0 0 4 0 , 九 洲 电 气
6 0 0 8 4 4 , 丹 化 科 技
6 0 0 6 2 8 , 新 世 界
0 0 0 4 1 7 , 合 肥 百 货
2 0 0 0 1 9 , 深 深 宝 B
6 0 0 2 6 1 , 阳 光 照 明
6 0 0 5 4 6 , 山 煤 国 际
0 0 2 3 6 7 , 康 力 电 梯
3 0 0 1 5 8 , 振 东 制 药
0 0 2 2 9 8 , 鑫 龙 电 器
2 0 0 0 2 9 , 深 深 房 B
6 0 0 0 2 7 , 华 电 国 际
0 0 2 3 0 3 , 美 盈 森
2 0 0 5 4 1 , 粤 照 明 B
3 0 0 4 9 5 , 美 尚 生 态
0 0 2 1 9 0 , 成 飞 集 成
0 0 2 6 8 8 , 金 河 生 物
0 0 2 5 1 2 , 达 华 智 能
0 0 0 6 3 3 , 合 金 投 资
6 0 0 4 0 9 , 三 友 化 工
3 0 0 4 1 5 , 伊 之 密
6 0 1 8 0 8 , 中 海 油 服
6 0 0 7 9 1 , 京 能 置 业
6 0 0 2 0 6 , 有 研 新 材
6 0 0 5 5 7 , 康 缘 药 业
0 0 2 0 9 8 , 浔 兴 股 份
3 0 0 0 7 4 , 华 平 股 份
0 0 2 2 9 4 , 信 立 泰
6 0 0 6 5 7 , 信 达 地 产
3 0 0 3 5 1 , 永 贵 电 器
6 0 0 3 3 1 , 宏 达 股 份
3 0 0 0 2 3 , 宝 德 股 份
0 0 2 4 3 2 , 九 安 医 疗
0 0 2 1 3 2 , 恒 星 科 技
0 0 2 0 5 8 , 威 尔 泰
0 0 2 2 3 3 , 塔 牌 集 团
3 0 0 3 3 1 , 苏 大 维 格
2 0 0 5 0 5 , 珠 江 B
6 0 0 3 4 0 , 华 夏 幸 福
3 0 0 4 3 1 , 暴 风 科 技
6 0 0 4 0 0 , 红 豆 股 份
0 0 2 6 0 6 , 大 连 电 瓷
0 0 2 5 4 1 , 鸿 路 钢 构
3 0 0 0 0 2 , 神 州 泰 岳
0 0 0 9 0 1 , 航 天 科 技
0 0 2 6 8 4 , 猛 狮 科 技
0 0 0 7 5 7 , 浩 物 股 份
0 0 0 9 6 0 , 锡 业 股 份
0 0 0 6 3 0 , 铜 陵 有 色
0 0 0 9 5 9 , 首 钢 股 份
3 0 0 1 9 1 , 潜 能 恒 信
6 0 0 7 7 9 , * S T 水 井
6 0 0 0 3 9 , 四 川 路 桥
6 0 0 1 4 1 , 兴 发 集 团
6 0 0 5 0 7 , 方 大 特 钢
6 0 0 6 2 5 , P T 水 仙
0 0 0 8 2 0 , 金 城 股 份
3 0 0 4 7 5 , 聚 隆 科 技
3 0 0 1 4 8 , 天 舟 文 化
0 0 2 5 2 8 , 英 飞 拓
6 0 0 6 1 9 , 海 立 股 份
0 0 0 7 9 1 , 甘 肃 电 投
0 0 0 8 5 8 , 五 粮 液
6 0 1 7 9 9 , 星 宇 股 份
0 0 0 5 4 3 , 皖 能 电 力
0 0 2 3 7 1 , 七 星 电 子
0 0 0 9 4 9 , 新 乡 化 纤
6 0 1 9 6 8 , 宝 钢 包 装
0 0 2 6 8 0 , 黄 海 机 械
6 0 3 1 8 8 , 亚 邦 股 份
0 0 2 3 8 9 , 南 洋 科 技
0 0 0 0 1 4 , 沙 河 股 份
3 0 0 3 9 5 , 菲 利 华
6 0 0 9 7 1 , 恒 源 煤 电
6 0 0 8 2 3 , 世 茂 股 份
0 0 2 2 7 7 , 友 阿 股 份
3 0 0 0 5 4 , 鼎 龙 股 份
6 0 0 3 6 6 , 宁 波 韵 升
3 0 0 2 5 8 , 精 锻 科 技
3 0 0 3 5 4 , 东 华 测 试
3 0 0 2 9 1 , 华 录 百 纳
0 0 0 8 7 7 , 天 山 股 份
0 0 0 7 1 3 , 丰 乐 种 业
0 0 2 7 6 7 , 先 锋 电 子
6 0 0 9 7 3 , 宝 胜 股 份
0 0 2 4 2 5 , 凯 撒 股 份
3 0 0 3 0 6 , 远 方 光 电
0 0 2 1 3 3 , 广 宇 集 团
0 0 2 3 9 0 , 信 邦 制 药
3 0 0 1 1 6 , 坚 瑞 消 防
6 0 1 9 9 2 , 金 隅 股 份
6 0 0 8 9 0 , 中 房 股 份
0 0 0 9 3 5 , 四 川 双 马
6 0 0 7 3 0 , 中 国 高 科
0 0 2 4 1 8 , 康 盛 股 份
0 0 2 0 6 2 , 宏 润 建 设
0 0 0 5 5 1 , 创 元 科 技
0 0 2 1 2 8 , 露 天 煤 业
0 0 2 2 1 1 , 宏 达 新 材
6 0 0 9 9 1 , 广 汽 长 丰
0 0 0 5 6 2 , 宏 源 证 券
3 0 0 3 2 6 , 凯 利 泰
0 0 0 6 1 5 , 湖 北 金 环
0 0 2 4 1 3 , 常 发 股 份
6 0 0 6 6 8 , 尖 峰 集 团
6 0 0 1 1 3 , 浙 江 东 日
3 0 0 4 0 7 , 凯 发 电 气
0 0 2 3 1 3 , 日 海 通 讯
0 0 2 7 5 2 , N 兴 股 份
3 0 0 0 6 4 , 豫 金 刚 石
6 0 3 9 0 1 , 永 创 智 能
2 0 0 9 9 2 , 中 鲁 B
0 0 2 4 5 5 , 百 川 股 份
0 0 0 9 0 3 , 云 内 动 力
0 0 0 6 2 3 , 吉 林 敖 东
0 0 0 5 0 3 , 海 虹 控 股
6 0 1 7 8 8 , 光 大 证 券
0 0 2 7 4 5 , 木 林 森
0 0 2 6 3 8 , 勤 上 光 电
6 0 0 0 1 7 , 日 照 港
6 0 0 7 0 9 , S T 生 态
0 0 2 5 3 5 , 林 州 重 机
3 0 0 3 2 5 , 德 威 新 材
0 0 2 0 8 0 , 中 材 科 技
6 0 0 7 0 8 , 海 博 股 份
6 0 0 1 3 0 , 波 导 股 份
0 0 2 0 8 6 , 东 方 海 洋
6 0 3 3 3 8 , 浙 江 鼎 力
3 0 0 3 5 3 , 东 土 科 技
0 0 2 3 1 2 , 三 泰 控 股
0 0 2 3 4 0 , 格 林 美
0 0 2 4 9 2 , 恒 基 达 鑫
3 0 0 3 2 1 , 同 大 股 份
3 0 0 2 3 4 , 开 尔 新 材
6 0 0 2 4 6 , 万 通 地 产
6 0 0 3 5 4 , 敦 煌 种 业
0 0 2 4 1 6 , 爱 施 德
3 0 0 2 6 9 , 联 建 光 电
6 0 0 8 3 9 , 四 川 长 虹
6 0 0 0 2 3 , 浙 能 电 力
6 0 3 2 8 8 , 海 天 味 业
6 0 3 0 2 1 , 山 东 华 鹏
0 0 2 3 0 0 , 太 阳 电 缆
0 0 2 3 0 8 , 威 创 股 份
2 0 0 9 8 6 , 粤 华 包 B
6 0 0 2 8 3 , 钱 江 水 利
6 0 0 3 0 6 , 商 业 城
0 0 0 6 2 6 , 如 意 集 团
6 0 0 5 1 6 , 方 大 炭 素
0 0 0 0 6 9 , 华 侨 城 A
0 0 2 4 6 3 , 沪 电 股 份
3 0 0 4 4 7 , 全 信 股 份
0 0 2 7 1 2 , 思 美 传 媒
3 0 0 1 7 7 , 中 海 达
3 0 0 1 6 1 , 华 中 数 控
6 0 0 5 4 0 , 新 赛 股 份
0 0 0 6 7 0 , 盈 方 微
0 0 2 3 8 3 , 合 众 思 壮
0 0 0 6 1 8 , 吉 林 化 工
0 0 0 6 6 9 , 金 鸿 能 源
6 0 0 8 5 8 , 银 座 股 份
0 0 0 5 5 3 , 沙 隆 达 A
6 0 0 5 5 5 , 九 龙 山
0 0 2 4 1 9 , 天 虹 商 场
0 0 0 8 6 8 , 安 凯 客 车
3 0 0 0 7 2 , 三 聚 环 保
6 0 0 9 8 7 , 航 民 股 份
6 0 0 9 9 8 , 九 州 通
2 0 0 0 5 3 , 深 基 地 B
6 0 0 6 7 2 , * S T 华 圣
6 0 0 3 4 8 , 阳 泉 煤 业
6 0 0 7 3 9 , 辽 宁 成 大
6 0 1 9 8 9 , 中 国 重 工
6 0 0 8 0 1 , 华 新 水 泥
0 0 2 3 3 6 , 人 人 乐
0 0 2 4 5 8 , 益 生 股 份
0 0 0 7 6 1 , 本 钢 板 材
0 0 2 2 1 4 , 大 立 科 技
6 0 0 5 0 9 , 天 富 能 源
6 0 0 5 2 7 , 江 南 高 纤
3 0 0 4 2 7 , 红 相 电 力
3 0 0 0 2 9 , 天 龙 光 电
0 0 0 9 3 1 , 中 关 村
6 0 0 0 9 4 , 大 名 城
3 0 0 0 7 6 , G Q Y 视 讯
3 0 0 1 4 2 , 沃 森 生 物
6 0 1 9 8 5 , 中 国 核 电
0 0 2 6 3 9 , 雪 人 股 份
0 0 2 0 2 4 , 苏 宁 云 商
6 0 0 0 8 6 , 东 方 金 钰
6 0 1 5 6 7 , 三 星 电 气
3 0 0 4 8 5 , 赛 升 药 业
0 0 0 8 5 1 , 高 鸿 股 份
0 0 2 1 0 4 , 恒 宝 股 份
0 0 0 6 6 5 , 湖 北 广 电
3 0 0 4 2 8 , 四 通 新 材
0 0 0 5 7 8 , 盐 湖 集 团
0 0 0 8 8 5 , 同 力 水 泥
0 0 2 7 8 6 , 银 宝 山 新
0 0 2 4 8 4 , 江 海 股 份
6 0 0 2 5 0 , 南 纺 股 份
0 0 2 3 3 5 , 科 华 恒 盛
3 0 0 0 4 9 , 福 瑞 股 份
0 0 2 7 3 5 , 王 子 新 材
0 0 0 6 6 2 , 索 芙 特
3 0 0 3 7 6 , 易 事 特
0 0 2 6 1 4 , 蒙 发 利
6 0 0 5 1 0 , 黑 牡 丹
0 0 0 5 2 3 , 广 州 浪 奇
6 0 0 9 8 0 , 北 矿 磁 材
0 0 2 6 0 2 , 世 纪 华 通
6 0 0 3 6 0 , 华 微 电 子
0 0 2 2 1 0 , 飞 马 国 际
6 0 0 6 8 7 , 刚 泰 控 股
6 0 0 1 4 9 , 廊 坊 发 展
6 0 1 3 6 9 , 陕 鼓 动 力
6 0 1 6 7 8 , 滨 化 股 份
2 0 0 0 3 0 , 富 奥 B
3 0 0 3 7 1 , 汇 中 股 份
6 0 0 1 6 1 , 天 坛 生 物
6 0 1 0 0 2 , 晋 亿 实 业
0 0 2 4 0 4 , 嘉 欣 丝 绸
6 0 1 2 8 8 , 农 业 银 行
6 0 0 7 2 5 , 云 维 股 份
0 0 2 4 0 6 , 远 东 传 动
0 0 2 1 5 8 , 汉 钟 精 机
6 0 0 2 1 9 , 南 山 铝 业
6 0 3 6 7 8 , 火 炬 电 子
0 0 2 6 2 9 , 仁 智 油 服
6 0 0 5 4 5 , 新 疆 城 建
0 0 2 3 3 3 , 罗 普 斯 金
0 0 0 0 6 2 , 深 圳 华 强
3 0 0 1 7 4 , 元 力 股 份
0 0 0 6 0 6 , 青 海 明 胶
6 0 0 1 9 1 , 华 资 实 业
0 0 0 1 5 3 , 丰 原 药 业
6 0 0 9 7 9 , 广 安 爱 众
0 3 8 0 1 7 , 深 发 S F P 1
6 0 3 8 8 9 , 新 澳 股 份
0 0 0 7 0 5 , 浙 江 震 元
3 0 0 3 9 0 , 天 华 超 净
0 0 0 9 8 5 , 大 庆 华 科
6 0 0 4 1 0 , 华 胜 天 成
3 0 0 4 7 7 , 合 纵 科 技
3 0 0 0 8 9 , 长 城 集 团
0 0 2 0 7 6 , 雪 莱 特
0 0 0 0 9 6 , 广 聚 能 源
6 0 1 1 0 7 , 四 川 成 渝
6 0 0 5 1 7 , 置 信 电 气
0 0 2 0 6 3 , 远 光 软 件
6 0 0 2 9 5 , X D 鄂 尔 多
6 0 0 1 5 9 , 大 龙 地 产
3 0 0 1 6 9 , 天 晟 新 材
3 0 0 0 3 4 , 钢 研 高 纳
3 0 0 2 5 7 , 开 山 股 份
0 0 0 9 3 8 , 紫 光 股 份
3 0 0 4 3 7 , 清 水 源
6 0 0 4 3 9 , 瑞 贝 卡
3 0 0 1 2 9 , 泰 胜 风 能
6 0 0 8 3 0 , 香 溢 融 通
6 0 0 9 8 4 , * S T 建 机
0 0 2 7 3 9 , 万 达 院 线
6 0 1 8 5 7 , 中 国 石 油
0 0 2 5 0 1 , 利 源 精 制
0 0 0 7 3 6 , 中 房 地 产
0 0 2 6 8 1 , 奋 达 科 技
6 0 0 3 6 7 , 红 星 发 展
6 0 0 4 2 5 , 青 松 建 化
0 0 2 1 5 0 , 通 润 装 备
3 0 0 3 5 5 , 蒙 草 抗 旱
0 0 2 1 2 0 , 新 海 股 份
0 0 0 5 5 6 , P T 南 洋
0 0 2 2 6 3 , 大 东 南
6 0 0 2 5 7 , 大 湖 股 份
0 0 2 5 3 2 , 新 界 泵 业
6 0 0 3 9 0 , 金 瑞 科 技
6 0 0 6 1 5 , 丰 华 股 份
0 0 0 8 6 6 , 扬 子 石 化
6 0 3 6 0 0 , 永 艺 股 份
6 0 1 2 1 8 , 吉 鑫 科 技
3 0 0 1 3 4 , 大 富 科 技
6 0 1 3 1 8 , 中 国 平 安
6 0 0 0 9 8 , 广 州 发 展
3 0 0 4 9 2 , 山 鼎 设 计
6 0 0 9 8 2 , 宁 波 热 电
0 0 0 5 1 3 , 丽 珠 集 团
3 0 0 2 7 4 , 阳 光 电 源
6 0 3 0 1 1 , 合 锻 股 份
0 0 2 4 5 0 , 康 得 新
6 0 0 6 0 7 , 上 实 医 药
3 0 0 1 0 2 , 乾 照 光 电
0 0 0 6 5 2 , 泰 达 股 份
0 0 2 2 1 2 , 南 洋 股 份
0 0 0 5 8 7 , 金 叶 珠 宝
6 0 0 8 9 5 , 张 江 高 科
0 0 0 4 2 8 , 华 天 酒 店
3 0 0 3 8 8 , 国 祯 环 保
0 0 2 7 0 8 , 光 洋 股 份
3 0 0 0 5 1 , 三 五 互 联
6 0 0 9 8 3 , 惠 而 浦
6 0 0 0 9 9 , 林 海 股 份
6 0 0 0 6 5 , * S T 联 谊
3 0 0 2 7 2 , 开 能 环 保
0 0 2 0 0 2 , 鸿 达 兴 业
6 0 1 5 1 8 , 吉 林 高 速
6 0 0 5 7 7 , 精 达 股 份
6 0 0 9 7 0 , 中 材 国 际
0 0 2 1 3 8 , 顺 络 电 子
6 0 0 7 9 2 , 云 煤 能 源
0 0 2 2 0 0 , 云 投 生 态
6 0 1 8 1 8 , 光 大 银 行
0 0 2 5 7 7 , 雷 柏 科 技
6 0 3 3 6 8 , 柳 州 医 药
6 0 0 6 4 9 , 城 投 控 股
0 0 0 7 8 5 , 武 汉 中 商
6 0 3 0 1 2 , 创 力 集 团
6 0 0 2 0 2 , 哈 空 调
0 0 2 2 3 6 , 大 华 股 份
0 0 2 1 0 5 , 信 隆 实 业
3 0 0 1 7 0 , 汉 得 信 息
6 0 0 4 9 5 , 晋 西 车 轴
6 0 0 7 1 6 , 凤 凰 股 份
3 0 0 0 4 2 , 朗 科 科 技
0 0 2 5 0 2 , 骅 威 股 份
0 0 2 5 6 1 , 徐 家 汇
0 0 0 8 9 8 , 鞍 钢 股 份
6 0 0 2 1 5 , 长 春 经 开
0 0 0 7 6 8 , 中 航 飞 机
3 0 0 4 8 7 , 蓝 晓 科 技
2 0 0 1 5 2 , 山 航 B
0 0 2 1 7 6 , 江 特 电 机
0 0 0 6 5 0 , 仁 和 药 业
0 0 2 4 0 8 , 齐 翔 腾 达
6 0 0 7 7 2 , S * S T 龙 昌
0 0 2 6 0 1 , 佰 利 联
0 0 2 4 7 1 , 中 超 电 缆
2 0 0 5 1 2 , 闽 灿 坤 B
0 0 2 7 7 0 , 科 迪 乳 业
6 0 0 5 7 9 , 天 华 院
0 0 0 4 8 8 , 晨 鸣 纸 业
0 0 2 6 6 7 , 鞍 重 股 份
0 0 2 3 3 4 , 英 威 腾
0 0 2 7 1 5 , 登 云 股 份
0 0 2 4 4 6 , 盛 路 通 信
6 0 0 8 9 7 , 厦 门 空 港
6 0 0 1 7 5 , 美 都 能 源
0 0 0 9 7 1 , 蓝 鼎 控 股
0 0 2 0 3 9 , 黔 源 电 力
0 0 2 0 5 0 , 三 花 股 份
6 0 0 5 2 2 , 中 天 科 技
0 0 2 2 7 0 , 法 因 数 控
6 0 0 4 4 4 , * S T 国 通
3 0 0 4 1 9 , 浩 丰 科 技
3 0 0 2 8 6 , 安 科 瑞
0 0 2 1 7 3 , 千 足 珍 珠
6 0 0 0 6 9 , * S T 银 鸽
6 0 1 8 9 8 , 中 煤 能 源
0 0 0 8 3 5 , 长 城 动 漫
3 0 0 0 4 7 , 天 源 迪 科
0 0 0 6 7 8 , 襄 阳 轴 承
3 0 0 4 8 8 , 恒 锋 工 具
6 0 3 8 8 5 , 吉 祥 航 空
0 0 2 5 4 7 , 春 兴 精 工
3 0 0 0 9 2 , 科 新 机 电
6 0 0 3 2 8 , 兰 太 实 业
0 0 2 0 4 4 , 江 苏 三 友
0 0 0 8 7 6 , 新 希 望
6 0 0 2 2 2 , 太 龙 药 业
3 0 0 0 4 8 , 合 康 变 频
3 0 0 3 9 1 , 康 跃 科 技
6 0 0 2 0 7 , 安 彩 高 科
6 0 1 6 8 9 , 拓 普 集 团
0 0 2 7 5 3 , 永 东 股 份
0 0 0 7 9 5 , 太 原 刚 玉
6 0 0 0 2 9 , 南 方 航 空
3 0 0 2 5 6 , 星 星 科 技
6 0 0 4 1 9 , 天 润 乳 业
6 0 0 6 8 2 , 南 京 新 百
3 0 0 1 8 8 , 美 亚 柏 科
6 0 0 2 3 9 , 云 南 城 投
3 0 0 2 3 2 , 洲 明 科 技
0 0 0 0 3 7 , 深 南 电 A
0 0 0 8 2 6 , 桑 德 环 境
6 0 3 9 7 9 , 金 诚 信
6 0 3 1 1 6 , 红 蜻 蜓
0 0 0 8 6 9 , 张 裕 A
6 0 1 8 6 6 , 中 海 集 运
0 0 2 6 4 6 , 青 青 稞 酒
0 0 0 9 9 9 , 华 润 三 九
3 0 0 1 7 3 , 智 慧 松 德
6 0 0 4 0 5 , 动 力 源
6 0 0 8 6 9 , 智 慧 能 源
0 0 2 5 5 4 , 惠 博 普
3 0 0 4 2 2 , 博 世 科
0 0 2 4 1 2 , 汉 森 制 药
6 0 0 0 0 6 , 东 风 汽 车
3 0 0 1 5 7 , 恒 泰 艾 普
0 0 2 7 1 3 , 东 易 日 盛
6 0 0 6 9 3 , 东 百 集 团
6 0 1 6 2 8 , 中 国 人 寿
3 0 0 2 2 1 , 银 禧 科 技
6 0 0 1 3 9 , 西 部 资 源
0 0 2 0 9 0 , 金 智 科 技
3 0 0 1 9 5 , 长 荣 股 份
0 0 0 6 5 1 , 格 力 电 器
6 0 0 2 7 3 , 嘉 化 能 源
0 0 2 0 7 8 , 太 阳 纸 业
6 0 1 6 0 1 , 中 国 太 保
6 0 0 6 4 8 , 外 高 桥
6 0 0 0 5 8 , 五 矿 发 展
6 0 3 6 3 6 , 南 威 软 件
3 0 0 1 3 6 , 信 维 通 信
6 0 0 8 2 7 , 百 联 股 份
2 0 0 0 0 2 , 万 科 B
6 0 0 8 1 8 , 中 路 股 份
6 0 0 2 2 5 , 天 津 松 江
3 0 0 2 5 1 , 光 线 传 媒
0 0 2 5 0 6 , * S T 集 成
6 0 1 5 5 5 , 东 吴 证 券
6 0 0 6 6 1 , 新 南 洋
3 0 0 2 8 8 , 朗 玛 信 息
6 0 0 5 5 6 , 慧 球 科 技
6 0 0 1 8 4 , 光 电 股 份
3 0 0 3 0 4 , 云 意 电 气
0 0 2 6 6 1 , 克 明 面 业
6 0 1 2 2 5 , 陕 西 煤 业
6 0 1 2 3 8 , 广 汽 集 团
0 0 2 2 5 6 , 彩 虹 精 化
6 0 0 4 0 8 , * S T 安 泰
6 0 0 1 2 2 , 宏 图 高 科
0 0 0 1 5 8 , 常 山 股 份
0 0 2 0 1 9 , 亿 帆 鑫 富
3 0 0 1 7 5 , 朗 源 股 份
3 0 0 4 3 9 , 美 康 生 物
0 0 0 5 7 6 , 广 东 甘 化
3 0 0 0 4 5 , 华 力 创 通
6 0 0 7 5 2 , * S T 哈 慈
0 0 0 4 2 0 , 吉 林 化 纤
6 0 0 5 0 8 , 上 海 能 源
6 0 0 7 1 3 , 南 京 医 药
6 0 1 3 9 8 , 工 商 银 行
0 0 0 6 8 0 , 山 推 股 份
6 0 0 6 6 4 , 哈 药 股 份
0 0 0 5 9 4 , 国 恒 退
6 0 3 2 2 3 , 恒 通 股 份
0 0 2 3 7 4 , 丽 鹏 股 份
0 0 0 5 3 9 , 粤 电 力 A
0 0 2 1 1 1 , 威 海 广 泰
0 0 0 0 9 9 , 中 信 海 直
3 0 0 0 1 0 , 立 思 辰
0 0 2 2 0 4 , 大 连 重 工
3 0 0 0 8 8 , 长 信 科 技
0 0 2 2 8 9 , 宇 顺 电 子
0 0 2 1 1 9 , 康 强 电 子
6 0 1 1 7 9 , 中 国 西 电
6 0 0 8 3 7 , 海 通 证 券
6 0 0 5 8 8 , 用 友 网 络
0 0 0 4 2 6 , 兴 业 矿 业
2 0 0 0 2 0 , 深 华 发 B
0 0 0 5 9 3 , 大 通 燃 气
0 3 1 0 0 7 , 阿 胶 E J C 1
0 0 2 2 8 2 , 博 深 工 具
0 0 0 5 4 5 , 金 浦 钛 业
6 0 0 4 4 8 , 华 纺 股 份
0 0 2 4 8 5 , 希 努 尔
3 0 0 0 3 1 , 宝 通 带 业
0 0 0 7 0 3 , 恒 逸 石 化
0 0 2 5 7 3 , 清 新 环 境
6 0 0 0 7 3 , 上 海 梅 林
6 0 0 2 2 0 , 江 苏 阳 光
3 0 0 3 4 4 , 太 空 板 业
6 0 1 1 2 6 , 四 方 股 份
6 0 0 6 2 4 , 复 旦 复 华
3 0 0 2 4 0 , 飞 力 达
0 0 2 4 6 4 , 金 利 科 技
6 0 0 8 1 6 , 安 信 信 托
0 0 0 3 0 1 , 东 方 市 场
0 0 2 0 6 4 , 华 峰 氨 纶
6 0 0 6 3 9 , 浦 东 金 桥
3 0 0 3 1 2 , 邦 讯 技 术
0 0 2 0 0 9 , 天 奇 股 份
0 0 0 9 0 6 , 物 产 中 拓
6 0 0 2 7 6 , 恒 瑞 医 药
0 0 2 1 8 8 , 新 嘉 联
3 0 0 2 0 2 , 聚 龙 股 份
3 0 0 0 9 3 , 金 刚 玻 璃
3 0 0 3 9 4 , 天 孚 通 信
3 0 0 4 3 3 , 蓝 思 科 技
6 0 0 2 3 0 , 沧 州 大 化
0 0 2 2 8 4 , 亚 太 股 份
3 0 0 0 1 6 , 北 陆 药 业
6 0 0 6 7 7 , 航 天 通 信
0 0 2 1 8 7 , 广 百 股 份
6 0 0 0 7 1 , * S T 光 学
6 0 1 0 1 2 , 隆 基 股 份
6 0 0 1 1 2 , 天 成 控 股
6 0 0 3 5 0 , 山 东 高 速
6 0 1 1 1 1 , 中 国 国 航
6 0 3 6 0 1 , 再 升 科 技
0 0 0 6 1 9 , 海 螺 型 材
6 0 0 8 6 2 , 南 通 科 技
0 0 2 7 4 2 , 三 圣 特 材
6 0 0 1 8 9 , 吉 林 森 工
6 0 0 8 5 2 , * S T 中 川
6 0 0 0 5 3 , 中 江 地 产
6 0 0 5 0 3 , 华 丽 家 族
6 0 0 7 3 6 , 苏 州 高 新
0 0 2 1 2 2 , 天 马 股 份
3 0 0 2 4 4 , 迪 安 诊 断
0 0 2 1 6 3 , 中 航 三 鑫
0 0 0 9 1 7 , 电 广 传 媒
6 0 0 0 7 4 , 保 千 里
0 0 0 7 2 2 , 湖 南 发 展
6 0 1 0 0 5 , 重 庆 钢 铁
3 0 0 2 8 2 , 汇 冠 股 份
0 0 0 7 6 2 , 西 藏 矿 业
0 0 2 1 1 6 , 中 国 海 诚
0 0 0 6 8 5 , 中 山 公 用
0 0 0 0 5 6 , 深 国 商
3 0 0 3 0 8 , 中 际 装 备
0 0 2 5 1 5 , 金 字 火 腿
6 0 0 5 1 8 , 康 美 药 业
0 0 0 6 7 6 , 智 度 投 资
6 0 0 4 9 0 , 鹏 欣 资 源
0 0 2 1 4 0 , 东 华 科 技
0 0 0 5 0 7 , 珠 海 港
6 0 0 2 7 0 , 外 运 发 展
0 0 2 1 8 1 , 粤 传 媒
6 0 0 7 9 3 , S T 宜 纸
0 0 0 5 4 1 , 佛 山 照 明
0 0 2 0 8 1 , 金 螳 螂
6 0 0 1 8 6 , 莲 花 味 精
0 0 2 0 1 5 , * S T 霞 客
6 0 0 3 1 2 , 平 高 电 气
6 0 3 9 9 9 , 读 者 传 媒
0 0 2 0 4 8 , 宁 波 华 翔
0 0 2 4 1 7 , * S T 元 达
0 0 2 0 9 5 , 生 意 宝
0 0 2 4 9 7 , 雅 化 集 团
6 0 0 3 3 8 , 西 藏 珠 峰
2 0 0 7 0 6 , 瓦 轴 B
3 0 0 2 0 7 , 欣 旺 达
0 0 2 6 2 0 , 瑞 和 股 份
6 0 0 1 3 2 , 重 庆 啤 酒
0 0 0 0 4 7 , S T 中 侨
0 0 0 6 7 9 , 大 连 友 谊
6 0 0 5 8 3 , 海 油 工 程
3 0 0 4 1 8 , 昆 仑 万 维
6 0 0 7 1 0 , * S T 常 林
0 0 2 3 5 8 , 森 源 电 气
6 0 0 3 0 0 , 维 维 股 份
0 0 2 1 1 8 , 紫 鑫 药 业
0 0 2 3 5 9 , 齐 星 铁 塔
0 0 0 0 4 0 , 宝 安 地 产
0 0 2 0 0 5 , 德 豪 润 达
0 0 0 7 8 3 , 长 江 证 券
6 0 0 3 2 0 , 振 华 重 工
3 0 0 3 8 9 , 艾 比 森
0 0 0 0 0 6 , 深 振 业 A
6 0 0 3 6 8 , 五 洲 交 通
3 0 0 2 1 9 , 鸿 利 光 电
0 0 0 8 5 0 , 华 茂 股 份
6 0 3 9 1 8 , 金 桥 信 息
0 0 2 1 9 9 , 东 晶 电 子
0 3 8 0 1 4 , 钾 肥 J F P 1
0 0 2 2 7 9 , 久 其 软 件
0 0 2 3 7 5 , 亚 厦 股 份
6 0 1 1 9 9 , 江 南 水 务
6 0 0 8 7 6 , 洛 阳 玻 璃
0 0 2 0 7 4 , 东 源 电 器
0 0 2 1 0 9 , 兴 化 股 份
6 0 0 7 7 4 , 汉 商 集 团
2 0 0 5 8 1 , 苏 威 孚 B
6 0 0 8 7 5 , 东 方 电 气
6 0 0 4 7 9 , 千 金 药 业
0 0 2 5 9 0 , 万 安 科 技
6 0 0 2 5 9 , 广 晟 有 色
3 0 0 1 6 3 , 先 锋 新 材
0 0 0 6 0 5 , 渤 海 股 份
6 0 0 1 2 6 , 杭 钢 股 份
3 0 0 4 4 5 , 康 斯 特
0 0 0 0 5 9 , * S T 华 锦
0 0 2 1 7 5 , 广 陆 数 测
6 0 0 8 4 3 , 上 工 申 贝
6 0 0 0 5 5 , 华 润 万 东
6 0 3 8 9 9 , 晨 光 文 具
6 0 3 2 2 2 , 济 民 制 药
0 0 2 6 1 6 , 长 青 集 团
6 0 0 3 5 6 , 恒 丰 纸 业
0 0 0 0 0 4 , 国 农 科 技
0 0 0 9 1 1 , 南 宁 糖 业
3 0 0 3 6 9 , 绿 盟 科 技
0 0 0 0 2 1 , 深 科 技
3 0 0 3 9 3 , 中 来 股 份
6 0 3 5 8 8 , 高 能 环 境
0 0 0 7 0 0 , 模 塑 科 技
0 0 2 3 9 5 , 双 象 股 份
0 0 0 0 4 6 , 泛 海 控 股
0 0 2 7 0 7 , 众 信 旅 游
2 0 0 4 1 8 , 小 天 鹅 B
6 0 1 1 6 9 , 北 京 银 行
6 0 0 2 8 9 , 亿 阳 信 通
0 0 0 6 9 2 , 惠 天 热 电
0 0 2 6 1 2 , 朗 姿 股 份
6 0 0 7 8 4 , 鲁 银 投 资
6 0 0 6 5 6 , * S T 博 元
0 0 0 0 6 6 , 长 城 电 脑
0 0 0 7 9 2 , 盐 湖 股 份
0 0 0 7 7 7 , 中 核 科 技
3 0 0 2 2 0 , 金 运 激 光
0 0 2 0 8 4 , 海 鸥 卫 浴
6 0 1 0 2 1 , 春 秋 航 空
0 0 2 1 7 4 , 游 族 网 络
0 0 2 1 4 9 , 西 部 材 料
2 0 0 0 0 3 , P T 金 田 B
0 0 2 1 0 7 , 沃 华 医 药
0 0 2 6 8 7 , 乔 治 白
0 0 2 6 4 5 , 华 宏 科 技
6 0 1 6 0 7 , 上 海 医 药
0 0 0 4 0 7 , 胜 利 股 份
6 0 0 3 6 9 , 西 南 证 券
6 0 0 0 3 8 , 中 直 股 份
6 0 0 3 5 1 , 亚 宝 药 业
0 0 0 5 1 0 , * S T 金 路
6 0 0 0 9 0 , 啤 酒 花
0 0 2 3 5 1 , 漫 步 者
0 0 0 6 6 8 , 荣 丰 控 股
0 0 2 7 3 3 , 雄 韬 股 份
6 0 0 7 7 0 , 综 艺 股 份
6 0 0 7 6 0 , 中 航 黑 豹
6 0 3 0 1 7 , 园 区 设 计
6 0 0 9 5 9 , 江 苏 有 线
6 0 0 0 2 0 , 中 原 高 速
6 0 0 3 9 6 , 金 山 股 份
0 0 0 8 9 3 , 东 凌 粮 油
0 0 0 9 2 3 , 河 北 宣 工
6 0 0 7 6 1 , 安 徽 合 力
0 0 0 4 1 3 , 东 旭 光 电
2 0 0 0 1 2 , 南 玻 B
6 0 1 3 6 8 , 绿 城 水 务
6 0 0 5 6 0 , 金 自 天 正
6 0 0 6 9 4 , 大 商 股 份
6 0 0 0 0 2 , 齐 鲁 石 化
6 0 0 8 1 2 , 华 北 制 药
6 0 0 6 7 1 , 天 目 药 业
6 0 0 5 8 7 , 新 华 医 疗
6 0 0 7 7 3 , 西 藏 城 投
6 0 0 1 3 6 , 道 博 股 份
0 0 0 7 9 8 , 中 水 渔 业
3 0 0 3 0 9 , 吉 艾 科 技
6 0 0 3 9 3 , 东 华 实 业
0 0 2 2 9 5 , 精 艺 股 份
2 0 0 7 7 1 , 杭 汽 轮 B
6 0 0 0 6 8 , 葛 洲 坝
6 0 0 8 1 1 , 东 方 集 团
6 0 0 3 5 8 , 国 旅 联 合
6 0 0 7 5 4 , 锦 江 股 份
3 0 0 3 4 7 , 泰 格 医 药
3 0 0 4 7 0 , 日 机 密 封
6 0 0 6 4 3 , 爱 建 股 份
0 0 2 0 8 7 , 新 野 纺 织
6 0 3 5 6 8 , 伟 明 环 保
6 0 3 1 0 8 , 润 达 医 疗
3 0 0 2 6 1 , 雅 本 化 学
6 0 1 5 1 5 , 东 风 股 份
0 0 2 3 9 7 , 梦 洁 家 纺
6 0 1 3 3 3 , 广 深 铁 路
0 0 0 8 0 2 , 北 京 文 化
3 0 0 0 9 1 , 金 通 灵
0 0 2 2 9 6 , 辉 煌 科 技
6 0 1 7 9 8 , 蓝 科 高 新
0 0 2 6 7 8 , 珠 江 钢 琴
0 0 0 4 2 1 , 南 京 中 北
0 0 2 6 0 9 , 捷 顺 科 技
3 0 0 2 0 4 , 舒 泰 神
2 0 0 0 2 6 , 飞 亚 达 B
3 0 0 3 8 4 , 三 联 虹 普
0 0 0 6 3 7 , 茂 化 实 华
6 0 0 3 9 5 , 盘 江 股 份
3 0 0 0 9 7 , 智 云 股 份
3 0 0 0 8 5 , 银 之 杰
3 0 0 1 7 8 , 腾 邦 国 际
6 0 0 8 8 1 , 亚 泰 集 团
6 0 0 8 8 3 , 博 闻 科 技
0 0 2 0 3 6 , 汉 麻 产 业
0 0 2 6 0 8 , * S T 舜 船
0 0 0 8 1 1 , 烟 台 冰 轮
0 0 2 6 9 5 , 煌 上 煌
0 0 0 5 1 9 , 江 南 红 箭
0 0 0 8 3 1 , 五 矿 稀 土
0 0 2 3 7 3 , 千 方 科 技
6 0 0 8 8 8 , 新 疆 众 和
0 0 2 4 9 9 , 科 林 环 保
6 0 0 4 0 1 , * S T 海 润
6 0 1 3 1 1 , 骆 驼 股 份
6 0 0 3 8 5 , 山 东 金 泰
0 0 2 0 9 9 , 海 翔 药 业
6 0 0 4 6 8 , 百 利 电 气
3 0 0 4 4 3 , 金 雷 风 电
3 0 0 1 6 4 , 通 源 石 油
6 0 0 3 7 2 , 中 航 电 子
6 0 1 5 5 8 , 华 锐 风 电
0 0 2 3 6 4 , 中 恒 电 气
0 0 2 6 9 1 , 石 中 装 备
6 0 1 8 8 8 , 中 国 国 旅
3 0 0 3 4 5 , 红 宇 新 材
0 0 0 9 1 6 , 华 北 高 速
0 0 2 2 7 3 , 水 晶 光 电
0 0 0 5 3 1 , 穗 恒 运 A
2 0 0 5 9 6 , 古 井 贡 B
0 0 2 6 6 5 , 首 航 节 能
0 0 2 0 1 4 , 永 新 股 份
6 0 1 8 9 9 , 紫 金 矿 业
6 0 3 8 6 6 , 桃 李 面 包
3 0 0 1 3 5 , 宝 利 沥 青
0 0 0 7 6 9 , * S T 大 菲
0 0 2 5 3 6 , 西 泵 股 份
3 0 0 1 0 1 , 振 芯 科 技
6 0 0 9 8 6 , 科 达 股 份
2 0 0 0 5 4 , 建 摩 B
0 0 0 5 0 8 , 琼 民 源 A
0 0 0 8 9 7 , 津 滨 发 展
0 0 0 7 8 7 , * S T 创 智
0 0 0 0 3 0 , 富 奥 股 份
3 0 0 4 0 9 , 道 氏 技 术
6 0 0 7 3 3 , S 前 锋
6 0 3 5 6 6 , 普 莱 柯
6 0 3 6 9 9 , 纽 威 股 份
3 0 0 2 1 7 , 东 方 电 热
0 0 2 4 2 6 , 胜 利 精 密
3 0 0 2 4 8 , 新 开 普
0 0 0 9 7 9 , 中 弘 股 份
6 0 3 1 6 6 , 福 达 股 份
0 0 0 0 8 9 , 深 圳 机 场
0 0 0 1 6 6 , 申 万 宏 源
3 0 0 2 1 1 , 亿 通 科 技
6 0 0 2 7 9 , 重 庆 港 九
0 0 0 0 1 8 , 中 冠 A
3 0 0 1 0 8 , 双 龙 股 份
0 0 2 4 3 0 , 杭 氧 股 份
0 0 2 7 7 6 , 柏 堡 龙
3 0 0 3 6 5 , 恒 华 科 技
3 0 0 3 9 8 , 飞 凯 材 料
0 0 0 4 0 5 , S T 鑫 光
0 0 2 4 3 8 , 江 苏 神 通
0 0 2 4 3 4 , 万 里 扬
3 0 0 2 0 8 , 恒 顺 众 N
6 0 0 0 7 6 , 青 鸟 华 光
3 0 0 4 5 5 , 康 拓 红 外
6 0 0 2 8 0 , 中 央 商 场
6 0 0 5 4 8 , 深 高 速
0 0 2 6 6 9 , 康 达 新 材
3 0 0 2 0 9 , 天 泽 信 息
6 0 0 3 1 7 , 营 口 港
3 0 0 3 7 7 , 赢 时 胜
6 0 0 7 9 4 , 保 税 科 技
6 0 0 4 1 6 , 湘 电 股 份
0 0 2 0 4 6 , 轴 研 科 技
6 0 0 8 1 9 , 耀 皮 玻 璃
0 0 2 0 2 3 , 海 特 高 新
3 0 0 3 1 3 , 天 山 生 物
6 0 3 9 3 6 , 博 敏 电 子
3 0 0 1 2 3 , 太 阳 鸟
0 0 0 7 9 6 , 易 食 股 份
6 0 1 7 0 0 , 风 范 股 份
0 0 0 0 2 9 , 深 深 房 A
3 0 0 0 6 5 , 海 兰 信
6 0 0 1 4 5 , * S T 国 创
3 0 0 1 2 7 , 银 河 磁 体
0 0 2 0 7 5 , 沙 钢 股 份
3 0 0 4 5 2 , 山 河 药 辅
0 0 0 9 7 6 , * S T 春 晖
3 0 0 3 1 5 , 掌 趣 科 技
3 0 0 0 7 1 , 华 谊 嘉 信
6 0 0 6 8 5 , 中 船 防 务
3 0 0 4 4 6 , 乐 凯 新 材
6 0 0 5 8 9 , 广 东 榕 泰
3 0 0 0 7 3 , 当 升 科 技
6 0 0 2 9 8 , 安 琪 酵 母
0 0 2 6 2 2 , 永 大 集 团
0 0 2 5 2 9 , 海 源 机 械
0 0 2 7 7 3 , 康 弘 药 业
3 0 0 0 2 2 , 吉 峰 农 机
6 0 0 1 1 4 , 东 睦 股 份
6 0 0 0 2 6 , 中 海 发 展
0 0 2 7 8 3 , 凯 龙 股 份
0 0 2 3 2 6 , 永 太 科 技
3 0 0 0 3 8 , 梅 泰 诺
6 0 0 1 9 7 , 伊 力 特
3 0 0 0 2 6 , 红 日 药 业
0 0 2 1 9 2 , * S T 路 翔
0 0 0 7 2 8 , 国 元 证 券
6 0 0 4 6 0 , 士 兰 微
6 0 3 0 8 5 , 天 成 自 控
6 0 0 8 1 4 , 杭 州 解 百
3 0 0 4 6 6 , 赛 摩 电 气
6 0 1 2 2 6 , 华 电 重 工
3 0 0 0 2 8 , 金 亚 科 技
0 0 2 2 9 0 , 禾 盛 新 材
6 0 3 3 1 5 , 福 鞍 股 份
6 0 1 0 1 8 , 宁 波 港
0 0 2 2 0 2 , 金 风 科 技
0 0 2 2 5 5 , 海 陆 重 工
0 0 2 3 8 5 , 大 北 农
6 0 0 0 8 3 , 博 信 股 份
6 0 0 0 3 6 , 招 商 银 行
3 0 0 1 2 5 , 易 世 达
3 0 0 0 4 4 , 赛 为 智 能
6 0 0 6 2 2 , 嘉 宝 集 团
6 0 3 0 1 9 , 中 科 曙 光
6 0 0 0 8 4 , 中 葡 股 份
6 0 0 7 0 3 , 三 安 光 电
3 0 0 1 9 0 , 维 尔 利
0 0 0 6 9 8 , 沈 阳 化 工
0 0 0 9 6 6 , 长 源 电 力
6 0 0 8 1 3 , S T 鞍 一 工
3 0 0 1 1 3 , 顺 网 科 技
0 0 2 6 2 8 , 成 都 路 桥
0 0 0 4 1 1 , 英 特 集 团
0 0 2 2 8 8 , 超 华 科 技
6 0 0 4 6 7 , 好 当 家
0 0 0 7 9 7 , 中 国 武 夷
0 0 2 0 6 9 , 獐 子 岛
0 0 0 8 1 7 , 辽 河 油 田
6 0 1 6 6 9 , 中 国 电 建
6 0 0 3 2 1 , 国 栋 建 设
0 0 2 6 7 5 , 东 诚 药 业
0 0 2 3 4 2 , 巨 力 索 具
0 0 0 9 6 7 , 上 风 高 科
0 0 2 7 5 8 , 华 通 医 药
3 0 0 4 0 0 , 劲 拓 股 份
0 0 0 7 7 6 , 广 发 证 券
0 0 2 7 5 9 , 天 际 股 份
6 0 0 5 5 1 , 时 代 出 版
6 0 1 3 2 8 , 交 通 银 行
6 0 3 9 9 6 , 中 新 科 技
0 0 2 3 6 0 , 同 德 化 工
6 0 0 9 9 9 , 招 商 证 券
6 0 0 5 9 9 , 熊 猫 金 控
0 0 2 7 6 5 , 蓝 黛 传 动
6 0 3 1 2 8 , 华 贸 物 流
0 0 2 0 0 7 , 华 兰 生 物
6 0 3 8 8 3 , 老 百 姓
0 0 2 7 7 8 , 高 科 石 化
0 0 2 5 7 4 , 明 牌 珠 宝
0 0 0 0 1 2 , 南 玻 A
6 0 0 3 9 9 , 抚 顺 特 钢
0 0 2 3 1 9 , 乐 通 股 份
6 0 0 5 0 6 , 香 梨 股 份
6 0 0 3 5 7 , 承 德 钒 钛
0 0 0 8 9 0 , 法 尔 胜
6 0 0 8 0 7 , 天 业 股 份
0 0 0 5 0 5 , 珠 江 控 股
6 0 0 5 6 3 , 法 拉 电 子
6 0 1 0 6 9 , X D 西 部 黄
6 0 3 5 1 9 , 立 霸 股 份
0 0 0 0 2 2 , 深 赤 湾 A
0 0 2 5 0 3 , 搜 于 特
0 0 2 6 9 4 , 顾 地 科 技
6 0 0 7 4 4 , 华 银 电 力
0 0 0 6 2 9 , 攀 钢 钒 钛
3 0 0 1 2 8 , 锦 富 新 材
3 0 0 2 9 9 , 富 春 通 信
2 0 0 0 5 7 , * S T 大 洋 B
6 0 0 6 9 2 , 亚 通 股 份
6 0 0 8 5 1 , 海 欣 股 份
6 0 0 6 1 0 , 中 毅 达
2 0 0 0 1 8 , 中 冠 B
6 0 0 7 2 8 , 佳 都 科 技
0 0 0 5 3 3 , 万 家 乐
0 0 2 1 0 1 , 广 东 鸿 图
3 0 0 0 6 3 , 天 龙 集 团
6 0 1 1 5 8 , 重 庆 水 务
6 0 0 1 7 6 , 中 国 巨 石
0 0 2 6 1 9 , 巨 龙 管 业
3 0 0 1 1 7 , 嘉 寓 股 份
0 0 0 0 5 8 , 深 赛 格
0 0 2 0 2 5 , 航 天 电 器
0 0 2 4 2 8 , 云 南 锗 业
0 0 2 4 2 4 , 贵 州 百 灵
0 0 2 1 2 4 , 天 邦 股 份
6 0 0 1 6 6 , 福 田 汽 车
6 0 0 2 8 2 , 南 钢 股 份
3 0 0 3 5 2 , 北 信 源
0 0 2 3 2 2 , 理 工 监 测
6 0 0 2 1 6 , 浙 江 医 药
0 0 2 0 1 7 , 东 信 和 平
6 0 0 2 9 3 , 三 峡 新 材
3 0 0 3 8 1 , 溢 多 利
6 0 0 8 1 5 , 厦 工 股 份
3 0 0 0 2 0 , 银 江 股 份
0 0 2 5 5 7 , 洽 洽 食 品
3 0 0 1 0 6 , 西 部 牧 业
0 0 2 1 1 5 , 三 维 通 信
3 0 0 4 2 0 , 五 洋 科 技
0 0 2 7 4 8 , 世 龙 实 业
6 0 0 7 7 8 , 友 好 集 团
6 0 1 2 5 8 , 庞 大 集 团
6 0 0 4 2 2 , 昆 药 集 团
0 0 2 3 3 7 , 赛 象 科 技
3 0 0 2 7 8 , 华 昌 达
6 0 0 7 4 6 , 江 苏 索 普
3 0 0 4 1 3 , 快 乐 购
0 0 0 7 2 9 , 燕 京 啤 酒
0 0 2 4 1 1 , 九 九 久
6 0 0 8 8 5 , 宏 发 股 份
2 0 0 0 5 5 , 方 大 B
0 0 2 1 0 2 , 冠 福 股 份
0 0 2 0 4 3 , 兔 宝 宝
6 0 0 2 9 2 , 中 电 远 达
0 0 2 5 5 3 , 南 方 轴 承
6 0 0 7 5 8 , 红 阳 能 源
6 0 0 6 0 8 , * S T 沪 科
6 0 1 8 0 0 , 中 国 交 建
0 0 2 7 0 9 , 天 赐 材 料
0 0 1 8 9 6 , 豫 能 控 股
6 0 3 0 2 6 , 石 大 胜 华
0 0 2 1 9 5 , 二 三 四 五
6 0 1 0 5 8 , 赛 轮 金 宇
0 0 2 2 5 0 , 联 化 科 技
0 0 0 9 5 5 , 欣 龙 控 股
6 0 3 0 1 5 , X D 弘 讯 科
2 0 0 7 6 1 , 本 钢 板 B
6 0 3 0 8 8 , 宁 波 精 达
0 0 2 6 6 0 , 茂 硕 电 源
0 0 0 9 9 3 , 闽 东 电 力
6 0 1 0 2 8 , 玉 龙 股 份
0 0 2 3 4 9 , 精 华 制 药
6 0 0 1 0 9 , 国 金 证 券
6 0 3 1 1 1 , 康 尼 机 电
0 0 0 8 8 8 , 峨 眉 山 A
0 0 2 1 4 8 , 北 纬 通 信
0 0 2 3 0 4 , 洋 河 股 份
0 0 2 5 8 0 , 圣 阳 股 份
0 0 2 7 5 1 , 易 尚 展 示
6 0 0 1 0 7 , 美 尔 雅
6 0 0 6 2 6 , 申 达 股 份
3 0 0 1 2 2 , 智 飞 生 物
0 0 2 2 8 1 , 光 迅 科 技
3 0 0 1 6 6 , 东 方 国 信
0 0 0 6 3 1 , 顺 发 恒 业
0 0 2 1 6 6 , 莱 茵 生 物
0 0 0 5 0 6 , 中 润 资 源
0 0 2 6 4 2 , 荣 之 联
0 0 0 5 9 8 , 兴 蓉 投 资
0 0 0 9 3 6 , 华 西 股 份
0 0 2 5 1 9 , 银 河 电 子
6 0 0 8 4 9 , 上 药 转 换
6 0 0 0 8 7 , 退 市 长 油
0 0 2 3 1 8 , 久 立 特 材
6 0 0 2 0 1 , 金 宇 集 团
3 0 0 0 5 3 , 欧 比 特
0 0 0 6 8 8 , 建 新 矿 业
0 0 2 4 1 0 , 广 联 达
0 0 2 1 2 9 , 中 环 股 份
0 0 0 9 8 7 , 广 州 友 谊
0 0 2 2 0 6 , 海 利 得
6 0 3 7 8 9 , 星 光 农 机
0 0 0 9 1 8 , 嘉 凯 城
0 0 0 9 0 0 , 现 代 投 资
0 0 0 9 5 1 , 中 国 重 汽
6 0 3 7 0 3 , 盛 洋 科 技
6 0 0 2 0 0 , 江 苏 吴 中
3 0 0 4 5 3 , 三 鑫 医 疗
0 0 2 3 8 2 , 蓝 帆 医 疗
0 0 2 5 4 2 , 中 化 岩 土
0 0 0 7 5 2 , 西 藏 发 展
3 0 0 1 2 0 , 经 纬 电 材
6 0 1 2 1 1 , 国 泰 君 安
3 0 0 2 4 9 , 依 米 康
3 0 0 2 7 6 , 三 丰 智 能
6 0 1 9 5 8 , 金 钼 股 份
6 0 0 7 3 5 , 新 华 锦
0 0 2 5 8 1 , 万 昌 科 技
3 0 0 0 3 7 , 新 宙 邦
6 0 0 1 3 7 , 浪 莎 股 份
3 0 0 1 0 0 , 双 林 股 份
0 0 2 4 7 6 , 宝 莫 股 份
0 0 2 0 3 8 , 双 鹭 药 业
0 0 0 6 3 8 , 万 方 发 展
0 0 2 1 5 1 , 北 斗 星 通
3 0 0 2 2 2 , 科 大 智 能
6 0 0 1 9 2 , 长 城 电 工
6 0 3 0 2 0 , 爱 普 股 份
0 0 0 5 8 3 , S * S T 托 普
6 0 0 6 9 8 , 湖 南 天 雁
2 0 0 0 2 5 , 特 力 B
2 0 0 5 2 1 , 皖 美 菱 B
6 0 3 5 5 8 , 健 盛 集 团
3 0 0 0 8 0 , 新 大 新 材
0 0 0 5 8 6 , 汇 源 通 信
3 0 0 4 6 9 , 信 息 发 展
3 0 0 4 7 2 , 新 元 科 技
0 0 2 1 5 6 , 通 富 微 电
0 0 2 6 5 6 , 卡 奴 迪 路
2 0 0 0 2 2 , 深 赤 湾 B
0 0 0 0 6 5 , 北 方 国 际
6 0 0 0 6 1 , 中 纺 投 资
6 0 0 2 4 0 , 华 业 资 本
0 0 0 1 5 1 , 中 成 股 份
3 0 0 3 8 0 , 安 硕 信 息
0 0 2 4 8 7 , 大 金 重 工
6 0 0 4 2 9 , 三 元 股 份
3 0 0 1 6 8 , 万 达 信 息
0 0 0 0 3 1 , 中 粮 地 产
0 0 0 7 3 7 , 南 风 化 工
0 0 2 2 6 2 , 恩 华 药 业
0 0 0 5 1 4 , 渝 开 发
0 0 0 5 2 9 , 广 弘 控 股
0 0 2 4 4 7 , 壹 桥 海 参
3 0 0 2 8 3 , 温 州 宏 丰
6 0 1 5 7 9 , 会 稽 山
6 0 0 1 1 8 , 中 国 卫 星
0 0 2 0 4 1 , 登 海 种 业
3 0 0 1 8 7 , 永 清 环 保
0 0 2 0 8 5 , 万 丰 奥 威
0 0 2 1 7 1 , 精 诚 铜 业
6 0 0 5 6 9 , 安 阳 钢 铁
0 0 2 5 2 1 , 齐 峰 新 材
0 0 2 2 3 8 , 天 威 视 讯
0 0 2 7 6 8 , 国 恩 股 份
6 0 1 1 9 8 , 东 兴 证 券
0 0 0 0 5 5 , 方 大 集 团
6 0 3 1 1 8 , 共 进 股 份
0 0 2 6 7 6 , 顺 威 股 份
6 0 0 1 7 1 , 上 海 贝 岭
6 0 0 4 9 1 , 龙 元 建 设
0 0 0 9 9 6 , 中 国 中 期
6 0 0 3 5 9 , 新 农 开 发
3 0 0 1 8 6 , 大 华 农
6 0 0 4 9 9 , 科 达 洁 能
3 0 0 1 6 0 , 秀 强 股 份
0 0 2 4 2 1 , 达 实 智 能
6 0 1 7 1 7 , 郑 煤 机
0 0 2 0 4 5 , 国 光 电 器
6 0 3 0 0 6 , 联 明 股 份
0 0 2 5 2 3 , 天 桥 起 重
0 0 0 8 2 9 , 天 音 控 股
0 0 0 8 8 7 , 中 鼎 股 份
0 0 0 7 8 0 , 平 庄 能 源
2 0 0 0 1 6 , 深 康 佳 B
3 0 0 2 5 3 , 卫 宁 软 件
6 0 3 2 6 8 , 松 发 股 份
0 0 2 5 0 5 , 大 康 牧 业
3 0 0 0 1 3 , 新 宁 物 流
3 0 0 2 5 4 , 仟 源 医 药
0 0 2 3 4 8 , 高 乐 股 份
3 0 0 2 9 7 , 蓝 盾 股 份
0 0 2 6 9 0 , 美 亚 光 电
0 0 0 4 2 2 , 湖 北 宜 化
6 0 0 2 3 6 , 桂 冠 电 力
6 0 3 1 2 6 , 中 材 节 能
0 0 2 3 6 8 , 太 极 股 份
6 0 0 5 9 7 , 光 明 乳 业
0 0 2 3 6 2 , 汉 王 科 技
0 0 2 7 1 7 , 岭 南 园 林
0 0 0 7 5 8 , 中 色 股 份
6 0 0 7 2 3 , 首 商 股 份
0 0 0 5 9 1 , 桐 君 阁
6 0 0 0 6 6 , 宇 通 客 车
0 0 2 1 5 7 , 正 邦 科 技
0 0 0 0 2 0 , 深 华 发 A
0 0 2 1 5 5 , 湖 南 黄 金
6 0 0 3 7 8 , 天 科 股 份
3 0 0 2 2 5 , 金 力 泰
6 0 0 6 2 7 , 上 电 股 份
6 0 0 5 5 2 , 方 兴 科 技
0 0 2 6 1 0 , 爱 康 科 技
0 0 0 4 0 1 , 冀 东 水 泥
3 0 0 0 1 5 , 爱 尔 眼 科
6 0 3 3 1 1 , 金 海 环 境
0 0 0 9 7 8 , 桂 林 旅 游
6 0 0 1 7 7 , 雅 戈 尔
3 0 0 4 4 0 , 运 达 科 技
3 0 0 4 0 8 , 三 环 集 团
3 0 0 4 1 6 , 苏 试 试 验
3 0 0 2 6 2 , 巴 安 水 务
0 0 0 7 7 8 , 新 兴 铸 管
6 0 0 3 5 5 , 精 伦 电 子
0 0 0 5 0 4 , 南 华 生 物
6 0 0 3 5 3 , 旭 光 股 份
3 0 0 3 1 7 , 珈 伟 股 份
0 0 0 0 0 7 , 零 七 股 份
0 0 0 7 0 2 , 正 虹 科 技
0 0 2 4 5 6 , 欧 菲 光
0 0 0 7 5 9 , 中 百 集 团
6 0 1 9 2 8 , 凤 凰 传 媒
2 0 0 0 1 7 , 深 中 华 B
0 0 0 9 2 7 , * S T 夏 利
3 0 0 3 3 3 , 兆 日 科 技
6 0 0 6 6 3 , 陆 家 嘴
6 0 1 1 0 1 , 昊 华 能 源
0 0 2 0 5 3 , 云 南 盐 化
0 0 2 5 6 3 , 森 马 服 饰
0 0 2 4 7 2 , 双 环 传 动
6 0 3 0 1 8 , 设 计 股 份
0 0 0 6 1 1 , * S T 蒙 发
6 0 0 0 7 5 , 新 疆 天 业
0 0 2 6 0 4 , 龙 力 生 物
0 0 2 6 3 7 , 赞 宇 科 技
6 0 3 9 8 8 , 中 电 电 机
6 0 1 9 1 9 , 中 国 远 洋
0 0 2 4 2 7 , 尤 夫 股 份
3 0 0 4 8 0 , 光 力 科 技
6 0 0 8 5 4 , 春 兰 股 份
6 0 3 8 1 8 , 曲 美 股 份
3 0 0 4 0 3 , 地 尔 汉 宇
3 0 0 1 9 6 , 长 海 股 份
3 0 0 0 6 1 , 康 耐 特
0 0 2 3 2 7 , 富 安 娜
3 0 0 2 0 1 , 海 伦 哲
6 0 0 7 2 1 , 百 花 村
3 0 0 4 7 9 , 神 思 电 子
0 0 0 4 0 9 , 山 东 地 矿
6 0 0 1 1 1 , 北 方 稀 土
6 0 0 3 8 6 , 北 巴 传 媒
6 0 0 1 0 0 , 同 方 股 份
0 0 2 4 1 4 , 高 德 红 外
0 0 2 0 5 6 , 横 店 东 磁
6 0 0 1 8 8 , 兖 州 煤 业
3 0 0 0 0 1 , 特 锐 德
6 0 0 5 8 2 , 天 地 科 技
0 0 0 8 0 6 , 银 河 投 资
0 0 2 0 3 2 , 苏 泊 尔
0 0 0 7 3 2 , 泰 禾 集 团
0 0 0 9 2 8 , 中 钢 国 际
6 0 0 1 8 7 , 国 中 水 务
0 0 0 9 6 8 , 煤 气 化
6 0 0 6 0 9 , 金 杯 汽 车
6 0 0 6 7 0 , * S T 斯 达
6 0 0 7 2 0 , 祁 连 山
0 0 2 1 8 0 , 艾 派 克
0 0 0 5 1 1 , 烯 碳 新 材
0 0 2 2 4 7 , 帝 龙 新 材
3 0 0 3 2 7 , 中 颖 电 子
0 0 2 2 5 9 , 升 达 林 业
0 0 0 7 3 5 , 罗 牛 山
0 0 2 3 7 8 , 章 源 钨 业
0 0 0 0 5 0 , 深 天 马 A
0 0 2 1 6 7 , 东 方 锆 业
6 0 0 1 1 7 , 西 宁 特 钢
0 0 2 5 7 2 , 索 菲 亚
6 0 0 2 9 6 , S 兰 铝
6 0 0 8 3 6 , 界 龙 实 业
6 0 0 4 6 6 , 蓝 光 发 展
0 0 2 5 6 2 , 兄 弟 科 技
0 0 2 4 5 2 , 长 高 集 团
0 0 2 7 7 5 , 文 科 园 林
0 0 2 5 1 1 , 中 顺 洁 柔
0 0 2 0 2 7 , 七 喜 控 股
0 0 2 7 0 2 , 海 欣 食 品
0 0 0 9 3 9 , 凯 迪 电 力
6 0 0 7 9 7 , 浙 大 网 新
6 0 0 3 0 5 , 恒 顺 醋 业
0 0 2 1 4 7 , 方 圆 支 承
0 0 0 7 1 1 , * S T 京 蓝
6 0 0 3 3 2 , 白 云 山
0 0 2 2 4 6 , 北 化 股 份
0 0 0 6 1 6 , 海 航 投 资
3 0 0 2 8 5 , 国 瓷 材 料
6 0 0 0 7 2 , 钢 构 工 程
0 0 0 0 0 1 , 平 安 银 行
6 0 0 8 8 6 , 国 投 电 力
6 0 3 5 6 7 , 珍 宝 岛
0 0 2 6 7 2 , 东 江 环 保
3 0 0 0 1 7 , 网 宿 科 技
3 0 0 2 6 7 , 尔 康 制 药
0 0 2 5 3 8 , 司 尔 特
0 0 0 7 6 6 , 通 化 金 马
0 0 2 7 2 2 , 金 轮 股 份
0 0 2 5 3 3 , 金 杯 电 工
0 0 2 2 6 4 , 新 华 都
6 0 0 2 6 2 , 北 方 股 份
0 0 2 0 1 8 , 华 信 国 际
3 0 0 3 8 7 , 富 邦 股 份
6 0 0 3 4 6 , 大 橡 塑
3 0 0 0 9 6 , 易 联 众
6 0 0 5 3 2 , 宏 达 矿 业
6 0 0 8 8 4 , 杉 杉 股 份
0 0 0 9 3 3 , 神 火 股 份
6 0 0 7 2 4 , 宁 波 富 达
0 0 0 6 5 6 , 金 科 股 份
0 0 2 1 1 7 , 东 港 股 份
0 0 0 8 1 9 , 岳 阳 兴 长
0 0 2 1 3 7 , 实 益 达
3 0 0 1 7 9 , 四 方 达
0 0 2 1 2 6 , 银 轮 股 份
3 0 0 4 6 1 , 田 中 精 机
0 0 2 4 3 1 , 棕 榈 园 林
3 0 0 1 9 7 , 铁 汉 生 态
6 0 0 6 9 6 , 多 伦 股 份
6 0 0 1 9 6 , 复 星 医 药
6 0 0 1 7 8 , 东 安 动 力
0 0 0 7 9 0 , 华 神 集 团
0 0 0 7 6 0 , 斯 太 尔
2 0 0 1 6 0 , 南 江 B
0 0 2 4 0 1 , 中 海 科 技
6 0 0 2 4 8 , 延 长 化 建
0 0 0 8 1 8 , 方 大 化 工
6 0 0 3 4 3 , 航 天 动 力
0 0 2 6 2 5 , 龙 生 股 份
0 0 0 7 3 0 , * S T 环 保
3 0 0 1 8 9 , 神 农 大 丰
6 0 1 6 0 8 , 中 信 重 工
3 0 0 2 3 1 , 银 信 科 技
0 0 0 5 2 2 , 白 云 山 A
0 0 2 5 4 9 , 凯 美 特 气
0 0 2 6 5 1 , 利 君 股 份
6 0 3 6 9 8 , 航 天 工 程
0 0 0 1 0 0 , T C L 集 团
6 0 0 8 6 8 , 梅 雁 吉 祥
3 0 0 1 5 0 , 世 纪 瑞 尔
6 0 0 4 8 3 , 福 建 南 纺
6 0 0 3 0 3 , 曙 光 股 份
6 0 0 1 5 3 , 建 发 股 份
6 0 3 0 0 1 , 奥 康 国 际
6 0 0 3 0 1 , * S T 南 化
6 0 0 3 2 9 , 中 新 药 业
0 0 0 9 9 8 , 隆 平 高 科
0 0 0 5 1 7 , 荣 安 地 产
6 0 0 0 9 7 , 开 创 国 际
3 0 0 0 9 4 , 国 联 水 产
6 0 0 5 1 5 , 海 岛 建 设
0 0 2 5 1 6 , 江 苏 旷 达
0 0 2 5 5 6 , 辉 隆 股 份
6 0 0 9 6 1 , 株 冶 集 团
6 0 1 1 7 7 , X D 杭 齿 前
6 0 3 8 0 0 , 道 森 股 份
0 0 2 5 6 5 , 上 海 绿 新
6 0 0 8 0 4 , 鹏 博 士
0 0 2 4 6 2 , 嘉 事 堂
0 0 2 3 7 9 , 鲁 丰 环 保
6 0 0 7 6 8 , 宁 波 富 邦
0 0 2 0 2 6 , 山 东 威 达
0 0 0 0 1 5 , P T 中 浩 A
0 0 2 4 8 6 , 嘉 麟 杰
0 0 0 7 8 2 , 美 达 股 份
0 0 2 1 8 2 , 云 海 金 属
0 0 2 2 2 0 , 天 宝 股 份
6 0 1 0 0 9 , 南 京 银 行
0 0 2 0 5 9 , 云 南 旅 游
0 0 0 5 7 3 , 粤 宏 远 A
6 0 0 8 3 1 , 广 电 网 络
0 0 2 1 7 2 , 澳 洋 科 技
6 0 1 9 8 8 , 中 国 银 行
6 0 1 3 1 3 , 江 南 嘉 捷
0 0 2 6 2 6 , 金 达 威
6 0 1 2 2 2 , 林 洋 电 子
6 0 0 1 2 5 , 铁 龙 物 流
6 0 0 9 7 8 , 宜 华 木 业
6 0 0 2 9 9 , 蓝 星 新 材
6 0 0 1 6 5 , 新 日 恒 力
0 0 2 5 0 8 , 老 板 电 器
6 0 1 0 3 8 , 一 拖 股 份
0 0 0 9 2 0 , 南 方 汇 通
3 0 0 1 7 1 , 东 富 龙
0 0 2 4 6 7 , 二 六 三
0 0 2 5 0 4 , 东 光 微 电
3 0 0 1 9 9 , 翰 宇 药 业
0 0 0 7 5 6 , 新 华 制 药
0 0 2 4 4 5 , 中 南 重 工
6 0 0 4 2 8 , 中 远 航 运
6 0 0 3 1 3 , 农 发 种 业
3 0 0 4 5 6 , 耐 威 科 技
0 0 0 0 1 7 , 深 中 华 A
0 0 2 5 4 0 , 亚 太 科 技
0 0 2 3 5 6 , 浩 宁 达
0 0 0 9 6 2 , 东 方 钽 业
0 0 0 5 6 6 , 海 南 海 药
0 0 2 2 4 8 , 华 东 数 控
6 0 0 5 8 1 , 八 一 钢 铁
6 0 0 5 3 9 , * S T 狮 头
6 0 3 5 9 9 , 广 信 股 份
0 0 2 7 3 2 , 燕 塘 乳 业
3 0 0 1 5 6 , 神 雾 环 保
0 0 2 6 9 2 , 远 程 电 缆
0 0 2 3 8 7 , 黑 牛 食 品
3 0 0 4 4 4 , 双 杰 电 气
3 0 0 3 6 0 , 炬 华 科 技
6 0 0 4 3 8 , 通 威 股 份
6 0 0 5 9 2 , 龙 溪 股 份
6 0 0 8 4 8 , 自 仪 股 份
3 0 0 2 6 4 , 佳 创 视 讯
0 0 2 7 3 0 , 电 光 科 技
6 0 0 8 8 7 , 伊 利 股 份
0 0 2 0 4 9 , 同 方 国 芯
0 0 2 5 4 5 , 东 方 铁 塔
0 0 2 6 2 7 , 宜 昌 交 运
0 0 2 1 9 6 , 方 正 电 机
0 0 2 4 9 8 , 汉 缆 股 份
0 0 0 5 2 0 , * S T 凤 凰
0 0 2 0 2 8 , 思 源 电 气
3 0 0 0 7 5 , 数 字 政 通
3 0 0 3 7 8 , 鼎 捷 软 件
6 0 0 4 7 2 , 包 头 铝 业
3 0 0 2 6 8 , 万 福 生 科
0 0 2 6 6 4 , 信 质 电 机
0 0 0 8 1 2 , 陕 西 金 叶
0 0 0 9 9 5 , * S T 皇 台
6 0 1 5 9 9 , 鹿 港 科 技
0 0 2 2 5 1 , 步 步 高
0 0 2 4 6 5 , 海 格 通 信
6 0 0 3 4 9 , 富 通 昭 和
0 3 8 0 1 6 , 集 琦 J Q P 1
6 0 0 7 5 9 , 洲 际 油 气
6 0 0 6 3 1 , 百 联 股 份
6 0 0 6 3 8 , 新 黄 浦
3 0 0 4 2 6 , 唐 德 影 视
0 0 2 2 8 6 , 保 龄 宝
3 0 0 1 2 4 , 汇 川 技 术
6 0 0 5 2 6 , 菲 达 环 保
6 0 0 3 8 0 , 健 康 元
0 0 2 5 8 4 , 西 陇 化 工
6 0 1 9 6 9 , 海 南 矿 业
0 0 0 5 3 8 , 云 南 白 药
6 0 1 0 1 0 , 文 峰 股 份
0 0 0 5 4 8 , 湖 南 投 资
0 0 0 5 2 1 , 美 菱 电 器
0 0 2 6 5 9 , 中 泰 桥 梁
0 0 2 2 3 4 , 民 和 股 份
3 0 0 1 3 2 , 青 松 股 份
3 0 0 3 1 9 , 麦 捷 科 技
0 0 0 7 4 8 , 长 城 信 息
0 0 0 9 2 5 , 众 合 科 技
0 0 2 3 7 6 , 新 北 洋
2 0 0 4 1 3 , 东 旭 B
6 0 1 9 9 8 , 中 信 银 行
0 0 2 3 1 0 , 东 方 园 林
0 0 2 0 1 6 , 世 荣 兆 业
0 0 0 9 1 2 , * S T 天 化
3 0 0 2 2 7 , 光 韵 达
0 0 0 6 8 3 , 远 兴 能 源
6 0 0 8 6 5 , 百 大 集 团
6 0 0 6 2 0 , 天 宸 股 份
6 0 0 2 4 3 , 青 海 华 鼎
6 0 0 0 8 2 , 海 泰 发 展
0 0 2 2 0 8 , 合 肥 城 建
6 0 0 3 8 2 , 广 东 明 珠
3 0 0 0 3 6 , 超 图 软 件
0 0 2 2 2 6 , 江 南 化 工
2 0 0 5 3 9 , 粤 电 力 B
0 0 2 5 9 4 , 比 亚 迪
0 0 0 5 9 0 , * S T 古 汉
6 0 0 1 8 0 , 瑞 茂 通
0 0 0 7 5 3 , 漳 州 发 展
6 0 0 6 1 8 , 氯 碱 化 工
0 0 2 0 3 3 , 丽 江 旅 游
3 0 0 3 2 8 , 宜 安 科 技
0 0 2 6 0 0 , 江 粉 磁 材
0 0 2 0 7 0 , 众 和 股 份
0 0 2 7 6 3 , 汇 洁 股 份
6 0 3 8 0 6 , 福 斯 特
6 0 0 8 5 6 , 长 百 集 团
0 0 0 6 9 1 , 亚 太 实 业
0 0 2 5 5 8 , 世 纪 游 轮
6 0 0 2 1 8 , 全 柴 动 力
3 0 0 4 5 1 , 创 业 软 件
0 0 0 0 2 8 , 国 药 一 致
0 0 0 5 9 5 , 宝 塔 实 业
0 0 2 7 4 3 , 富 煌 钢 构
0 0 0 6 6 0 , * S T 南 华
0 0 0 9 7 0 , 中 科 三 环
6 0 1 8 7 2 , 招 商 轮 船
0 0 0 8 8 9 , 茂 业 物 流
3 0 0 3 9 9 , 京 天 利
0 0 2 2 8 5 , 世 联 行
3 0 0 3 3 6 , 新 文 化
6 0 0 1 5 2 , 维 科 精 华
0 0 0 5 3 7 , 广 宇 发 展
3 0 0 3 0 1 , 长 方 照 明
0 0 0 0 3 6 , 华 联 控 股
3 0 0 3 2 2 , 硕 贝 德
3 0 0 1 3 0 , 新 国 都
3 0 0 2 6 0 , 新 莱 应 材
6 0 3 3 0 8 , 应 流 股 份
0 0 0 7 7 9 , 三 毛 派 神
2 0 0 4 6 8 , 宁 通 信 B
0 0 0 8 7 5 , 吉 电 股 份
0 0 2 1 3 1 , 利 欧 股 份
0 0 2 5 4 3 , 万 和 电 气
0 0 2 4 8 8 , 金 固 股 份
6 0 3 7 1 8 , 海 利 生 物
0 0 0 4 2 5 , 徐 工 机 械
0 0 0 7 1 6 , 黑 芝 麻
0 0 2 0 8 2 , 栋 梁 新 材
0 0 0 8 0 0 , 一 汽 轿 车
6 0 0 6 9 5 , 绿 庭 投 资
0 0 2 4 3 6 , 兴 森 科 技
3 0 0 3 0 2 , 同 有 科 技
2 0 0 7 7 0 , 武 锅 B 退
6 0 1 9 0 8 , 京 运 通
0 0 2 3 0 1 , 齐 心 集 团
3 0 0 3 6 3 , 博 腾 股 份
6 0 3 0 0 5 , 晶 方 科 技
6 0 3 3 9 8 , 邦 宝 益 智
3 0 0 0 0 9 , 安 科 生 物
6 0 3 3 9 9 , 新 华 龙
6 0 3 6 0 9 , 禾 丰 牧 业
0 0 0 5 0 1 , 鄂 武 商 A
6 0 0 6 3 0 , 龙 头 股 份
3 0 0 3 7 9 , 东 方 通
3 0 0 1 7 2 , 中 电 环 保
0 0 0 6 8 1 , 视 觉 中 国
6 0 0 0 5 4 , 黄 山 旅 游
0 0 2 1 5 3 , 石 基 信 息
6 0 0 0 7 9 , 人 福 医 药
6 0 0 6 7 3 , 东 阳 光 科
3 0 0 2 7 7 , 海 联 讯
0 0 0 9 7 2 , 新 中 基
6 0 0 4 5 5 , 博 通 股 份
0 0 2 4 3 7 , 誉 衡 药 业
3 0 0 1 8 1 , 佐 力 药 业
0 0 2 7 0 1 , 奥 瑞 金
6 0 0 4 9 7 , 驰 宏 锌 锗
6 0 0 6 9 0 , 青 岛 海 尔
6 0 0 0 6 0 , 海 信 电 器
0 0 2 3 3 9 , 积 成 电 子
6 0 0 9 6 6 , 博 汇 纸 业
0 0 2 6 2 3 , 亚 玛 顿
0 0 2 6 7 7 , 浙 江 美 大
6 0 3 1 5 8 , 腾 龙 股 份
6 0 0 7 3 1 , 湖 南 海 利
0 0 2 1 6 5 , 红 宝 丽
3 0 0 1 0 9 , 新 开 源
6 0 0 5 3 5 , 天 士 力
6 0 0 3 3 5 , 国 机 汽 车
0 0 2 2 1 6 , 三 全 食 品
3 0 0 4 6 2 , 华 铭 智 能
3 0 0 1 5 5 , 安 居 宝
2 0 0 7 2 6 , 鲁 泰 B
6 0 3 3 0 6 , 华 懋 科 技
3 0 0 0 4 3 , 互 动 娱 乐
3 0 0 2 1 6 , 千 山 药 机
0 0 0 6 9 5 , 滨 海 能 源
3 0 0 0 9 8 , 高 新 兴
6 0 0 2 7 5 , 武 昌 鱼
0 0 2 4 7 4 , 榕 基 软 件
3 0 0 2 0 6 , 理 邦 仪 器
0 0 0 6 6 6 , 经 纬 纺 机
6 0 0 0 8 9 , 特 变 电 工
0 0 2 6 3 1 , 德 尔 家 居
0 0 0 7 6 3 , 锦 州 石 化
0 0 0 6 9 0 , 宝 新 能 源
3 0 0 3 7 0 , 安 控 科 技
6 0 1 2 3 3 , 桐 昆 股 份
0 0 2 3 2 3 , 中 联 电 气
3 0 0 3 3 8 , 开 元 仪 器
6 0 0 4 8 2 , 风 帆 股 份
6 0 3 8 6 9 , 北 部 湾 旅
0 0 0 7 0 8 , 大 冶 特 钢
0 0 2 7 2 4 , 海 洋 王
0 0 2 1 2 1 , 科 陆 电 子
6 0 0 8 7 2 , 中 炬 高 新
0 0 0 4 0 8 , 金 谷 源
6 0 0 9 8 1 , 汇 鸿 股 份
0 0 0 9 7 3 , 佛 塑 科 技
3 0 0 3 9 2 , 腾 信 股 份
0 0 2 1 2 7 , 新 民 科 技
0 0 2 4 0 5 , 四 维 图 新
6 0 0 3 0 7 , 酒 钢 宏 兴
6 0 0 1 1 0 , 中 科 英 华
0 0 0 8 2 1 , 京 山 轻 机
3 0 0 0 1 1 , 鼎 汉 技 术
0 0 0 0 4 5 , 深 纺 织 A
6 0 0 8 2 4 , 益 民 集 团
3 0 0 4 5 7 , 赢 合 科 技
6 0 0 0 8 5 , 同 仁 堂
0 0 2 5 2 6 , 山 东 矿 机
3 0 0 3 2 4 , 旋 极 信 息
0 0 2 5 2 7 , 新 时 达
6 0 0 7 1 4 , 金 瑞 矿 业
0 0 2 2 1 9 , 恒 康 医 疗
0 0 0 0 1 3 , * S T 石 化 A
0 0 2 1 4 1 , 蓉 胜 超 微
6 0 0 6 0 3 , 大 洲 兴 业
0 0 0 6 2 2 , 恒 立 实 业
3 0 0 0 4 6 , 台 基 股 份
0 0 2 4 9 4 , 华 斯 股 份
0 0 2 0 8 3 , 孚 日 股 份
3 0 0 3 9 7 , 天 和 防 务
0 0 0 7 5 0 , 国 海 证 券
0 0 2 3 2 9 , 皇 氏 集 团
0 0 2 0 7 1 , 长 城 影 视
6 0 1 3 3 6 , 新 华 保 险
6 0 0 7 4 1 , 华 域 汽 车
6 0 0 5 5 0 , 保 变 电 气
6 0 1 7 2 7 , 上 海 电 气
0 0 2 2 0 9 , 达 意 隆
0 0 2 4 2 9 , 兆 驰 股 份
6 0 1 1 0 6 , 中 国 一 重
0 0 0 4 0 3 , S T 生 化
6 0 0 0 5 1 , 宁 波 联 合
0 0 2 6 4 7 , 宏 磊 股 份
0 0 0 8 2 3 , 超 声 电 子
0 0 2 5 1 8 , 科 士 达
0 0 2 0 5 7 , 中 钢 天 源
6 0 3 0 1 0 , 万 盛 股 份
0 0 0 6 7 3 , 当 代 东 方
3 0 0 1 1 1 , 向 日 葵
6 0 0 5 9 6 , 新 安 股 份
0 0 2 4 3 9 , 启 明 星 辰
6 0 1 8 8 0 , 大 连 港
3 0 0 2 1 8 , 安 利 股 份
6 0 0 5 6 5 , 迪 马 股 份
2 0 0 0 5 8 , 深 赛 格 B
6 0 0 2 1 1 , 西 藏 药 业
6 0 0 5 3 3 , 栖 霞 建 设
6 0 3 0 9 9 , 长 白 山
0 0 0 9 9 7 , 新 大 陆
6 0 0 5 2 9 , 山 东 药 玻
0 0 2 2 0 1 , 九 鼎 新 材
6 0 0 4 8 6 , 扬 农 化 工
3 0 0 2 9 5 , 三 六 五 网
3 0 0 0 8 1 , 恒 信 移 动
0 0 2 0 3 7 , 久 联 发 展
6 0 0 0 1 0 , 包 钢 股 份
6 0 0 7 1 1 , 盛 屯 矿 业
6 0 3 0 6 6 , 音 飞 储 存
6 0 0 2 6 8 , 国 电 南 自
0 0 2 3 6 3 , 隆 基 机 械
0 0 0 6 5 3 , S T 九 州
6 0 0 3 3 9 , 天 利 高 新
6 0 0 0 2 8 , 中 国 石 化
3 0 0 1 4 3 , 星 河 生 物
0 0 0 0 4 9 , 德 赛 电 池
6 0 0 2 2 8 , 昌 九 生 化
3 0 0 0 5 5 , 万 邦 达
6 0 0 8 9 1 , 秋 林 集 团
6 0 0 2 2 6 , 升 华 拜 克
0 0 2 1 3 0 , 沃 尔 核 材
2 0 0 4 2 9 , 粤 高 速 B
6 0 0 1 0 2 , 莱 钢 股 份
0 0 2 7 2 1 , 金 一 文 化
6 0 0 6 8 4 , 珠 江 实 业
0 0 0 6 1 7 , 石 油 济 柴
6 0 0 8 0 8 , 马 钢 股 份
0 0 2 6 7 3 , 西 部 证 券
0 0 2 5 6 4 , 天 沃 科 技
0 0 2 4 6 8 , 艾 迪 西
6 0 3 0 0 8 , 喜 临 门
6 0 3 6 0 6 , 东 方 电 缆
3 0 0 0 8 2 , 奥 克 股 份
6 0 3 9 9 3 , 洛 阳 钼 业
6 0 1 6 0 0 , 中 国 铝 业
0 0 2 4 9 0 , 山 东 墨 龙
0 0 2 5 2 2 , 浙 江 众 成
6 0 0 6 0 5 , 汇 通 能 源
6 0 0 7 6 6 , 园 城 黄 金
6 0 3 9 3 9 , 益 丰 药 房
3 0 0 4 9 0 , 华 自 科 技
6 0 0 7 9 9 , * S T 龙 科
6 0 3 8 2 8 , 柯 利 达
3 0 0 1 9 4 , 福 安 药 业
3 0 0 2 0 3 , 聚 光 科 技
3 0 0 1 0 3 , 达 刚 路 机
6 0 0 3 0 2 , 标 准 股 份
0 0 0 7 1 5 , 中 兴 商 业
6 0 0 3 7 6 , 首 开 股 份
0 0 2 7 1 0 , 慈 铭 体 检
0 0 0 5 6 7 , 海 德 股 份
3 0 0 1 6 2 , 雷 曼 光 电
6 0 1 6 7 7 , 明 泰 铝 业
0 0 0 5 6 5 , 渝 三 峡 A
6 0 0 8 9 9 , * S T 信 联
6 0 1 0 0 6 , 大 秦 铁 路
0 0 2 5 4 8 , 金 新 农
6 0 0 3 7 3 , 中 文 传 媒
6 0 0 6 4 6 , S T 国 嘉
0 0 2 0 5 2 , 同 洲 电 子
3 0 0 3 4 6 , 南 大 光 电
0 0 0 9 0 8 , 景 峰 医 药
6 0 0 4 2 3 , 柳 化 股 份
0 0 2 5 3 0 , 丰 东 股 份
2 0 0 7 2 5 , 京 东 方 B
3 0 0 2 4 1 , 瑞 丰 光 电
0 0 2 7 7 2 , 众 兴 菌 业
6 0 0 9 0 0 , 长 江 电 力
0 0 2 5 7 0 , 贝 因 美
6 0 0 5 8 4 , 长 电 科 技
6 0 0 5 9 4 , 益 佰 制 药
6 0 0 5 7 2 , 康 恩 贝
6 0 0 7 0 4 , 物 产 中 大
0 0 2 0 0 4 , 华 邦 颖 泰
6 0 1 8 0 1 , 皖 新 传 媒
0 0 0 5 4 6 , 金 圆 股 份
0 0 2 7 3 6 , 国 信 证 券
0 0 2 6 9 3 , 双 成 药 业
0 0 2 4 8 3 , 润 邦 股 份
0 0 0 4 3 0 , 张 家 界
